case_id,repeat,position,method,seconds
thin_wall_n200_s1,0,0,host_frontier,0.00038917502388358116
thin_wall_n200_s1,0,1,persistent_frontier,0.0003280099481344223
thin_wall_n200_s1,0,2,roi,0.00020232005044817924
thin_wall_n200_s1,1,0,host_frontier,0.0003777281381189823
thin_wall_n200_s1,1,1,roi,0.0002022339031100273
thin_wall_n200_s1,1,2,persistent_frontier,0.0003348570317029953
thin_wall_n200_s1,2,0,roi,0.000199213158339262
thin_wall_n200_s1,2,1,host_frontier,0.0003873556852340698
thin_wall_n200_s1,2,2,persistent_frontier,0.0003300178796052933
thin_wall_n200_s1,3,0,roi,0.0002015409991145134
thin_wall_n200_s1,3,1,persistent_frontier,0.00034495163708925247
thin_wall_n200_s1,3,2,host_frontier,0.00038659293204545975
thin_wall_n200_s1,4,0,persistent_frontier,0.0003310008905827999
thin_wall_n200_s1,4,1,roi,0.0002022692933678627
thin_wall_n200_s1,4,2,host_frontier,0.0003873906098306179
thin_wall_n200_s1,5,0,persistent_frontier,0.00032706791535019875
thin_wall_n200_s1,5,1,host_frontier,0.0003831740468740463
thin_wall_n200_s1,5,2,roi,0.00020017893984913826
thin_wall_n200_s1,6,0,host_frontier,0.00039002997800707817
thin_wall_n200_s1,6,1,persistent_frontier,0.00032823486253619194
thin_wall_n200_s1,6,2,roi,0.000197709072381258
thin_wall_n200_s1,7,0,host_frontier,0.00038872426375746727
thin_wall_n200_s1,7,1,roi,0.00021978793665766716
thin_wall_n200_s1,7,2,persistent_frontier,0.0003505442291498184
thin_wall_n200_s1,8,0,roi,0.00020818784832954407
thin_wall_n200_s1,8,1,host_frontier,0.0003932132385671139
thin_wall_n200_s1,8,2,persistent_frontier,0.00033320626243948936
thin_wall_n200_s1,9,0,roi,0.00020489469170570374
thin_wall_n200_s1,9,1,persistent_frontier,0.000330307986587286
thin_wall_n200_s1,9,2,host_frontier,0.00039719464257359505
thin_wall_n200_s1,10,0,persistent_frontier,0.0003285929560661316
thin_wall_n200_s1,10,1,roi,0.0001995428465306759
thin_wall_n200_s1,10,2,host_frontier,0.0008904640562832355
thin_wall_n200_s1,11,0,persistent_frontier,0.0007838751189410686
thin_wall_n200_s1,11,1,host_frontier,0.0008941469714045525
thin_wall_n200_s1,11,2,roi,0.0005696173757314682
thin_wall_n200_s1,12,0,host_frontier,0.0008817249909043312
thin_wall_n200_s1,12,1,persistent_frontier,0.0007833978161215782
thin_wall_n200_s1,12,2,roi,0.0005910638719797134
thin_wall_n200_s1,13,0,host_frontier,0.0009000622667372227
thin_wall_n200_s1,13,1,roi,0.0005411868914961815
thin_wall_n200_s1,13,2,persistent_frontier,0.0008139549754559994
thin_wall_n200_s1,14,0,roi,0.0005631595849990845
thin_wall_n200_s1,14,1,host_frontier,0.0008982890285551548
thin_wall_n200_s1,14,2,persistent_frontier,0.0007405169308185577
thin_wall_n200_s1,15,0,roi,0.0005229082889854908
thin_wall_n200_s1,15,1,persistent_frontier,0.0007170392200350761
thin_wall_n200_s1,15,2,host_frontier,0.0008656717836856842
thin_wall_n200_s1,16,0,persistent_frontier,0.000788508914411068
thin_wall_n200_s1,16,1,roi,0.0005485150031745434
thin_wall_n200_s1,16,2,host_frontier,0.0008643227629363537
thin_wall_n200_s1,17,0,persistent_frontier,0.0007735569961369038
thin_wall_n200_s1,17,1,host_frontier,0.0008689500391483307
thin_wall_n200_s1,17,2,roi,0.0005334797315299511
thin_wall_n200_s1,18,0,host_frontier,0.0008620908483862877
thin_wall_n200_s1,18,1,persistent_frontier,0.0005241888575255871
thin_wall_n200_s1,18,2,roi,0.0002018660306930542
thin_wall_n200_s1,19,0,host_frontier,0.0006074612028896809
thin_wall_n200_s1,19,1,roi,0.0005294051952660084
thin_wall_n200_s1,19,2,persistent_frontier,0.0007432256825268269
thin_wall_n200_s1,20,0,roi,0.0005486258305609226
thin_wall_n200_s1,20,1,host_frontier,0.0008803969249129295
thin_wall_n200_s1,20,2,persistent_frontier,0.0008005639538168907
thin_wall_n200_s1,21,0,roi,0.0006312769837677479
thin_wall_n200_s1,21,1,persistent_frontier,0.0006886329501867294
thin_wall_n200_s1,21,2,host_frontier,0.0009791641496121883
thin_wall_n200_s1,22,0,persistent_frontier,0.0008827038109302521
thin_wall_n200_s1,22,1,roi,0.000585413072258234
thin_wall_n200_s1,22,2,host_frontier,0.0010063061490654945
thin_wall_n200_s1,23,0,persistent_frontier,0.0008907020092010498
thin_wall_n200_s1,23,1,host_frontier,0.0009341980330646038
thin_wall_n200_s1,23,2,roi,0.0002341712825000286
thin_wall_n200_s1,24,0,host_frontier,0.0006468780338764191
thin_wall_n200_s1,24,1,persistent_frontier,0.0008626691997051239
thin_wall_n200_s1,24,2,roi,0.0005811606533825397
thin_wall_n200_s1,25,0,host_frontier,0.0009998250752687454
thin_wall_n200_s1,25,1,roi,0.0005867653526365757
thin_wall_n200_s1,25,2,persistent_frontier,0.0008726031519472599
thin_wall_n200_s1,26,0,roi,0.0005705710500478745
thin_wall_n200_s1,26,1,host_frontier,0.000783790834248066
thin_wall_n200_s1,26,2,persistent_frontier,0.0005065589211881161
thin_wall_n200_s1,27,0,roi,0.00020240386947989464
thin_wall_n200_s1,27,1,persistent_frontier,0.0003302469849586487
thin_wall_n200_s1,27,2,host_frontier,0.00039517786353826523
thin_wall_n200_s1,28,0,persistent_frontier,0.0003271177411079407
thin_wall_n200_s1,28,1,roi,0.00020552705973386765
thin_wall_n200_s1,28,2,host_frontier,0.00040432531386613846
thin_wall_n200_s1,29,0,persistent_frontier,0.0003420473076403141
thin_wall_n200_s1,29,1,host_frontier,0.0003962661139667034
thin_wall_n200_s1,29,2,roi,0.00020661763846874237
thin_wall_n200_s1,30,0,host_frontier,0.00039412733167409897
thin_wall_n200_s1,30,1,persistent_frontier,0.0003310348838567734
thin_wall_n200_s1,30,2,roi,0.00020343530923128128
thin_wall_n200_s1,31,0,host_frontier,0.00038516102358698845
thin_wall_n200_s1,31,1,roi,0.00019821012392640114
thin_wall_n200_s1,31,2,persistent_frontier,0.00033638300374150276
thin_wall_n200_s1,32,0,roi,0.00020027300342917442
thin_wall_n200_s1,32,1,host_frontier,0.0004031257703900337
thin_wall_n200_s1,32,2,persistent_frontier,0.00033604493364691734
thin_wall_n200_s1,33,0,roi,0.00020212726667523384
thin_wall_n200_s1,33,1,persistent_frontier,0.0003392384387552738
thin_wall_n200_s1,33,2,host_frontier,0.00038481317460536957
thin_wall_n200_s1,34,0,persistent_frontier,0.00032656174153089523
thin_wall_n200_s1,34,1,roi,0.00020112795755267143
thin_wall_n200_s1,34,2,host_frontier,0.00038204528391361237
thin_wall_n200_s1,35,0,persistent_frontier,0.00032703205943107605
thin_wall_n200_s1,35,1,host_frontier,0.00038730818778276443
thin_wall_n200_s1,35,2,roi,0.00019833073019981384
thin_wall_n200_s1,36,0,host_frontier,0.0003865910694003105
thin_wall_n200_s1,36,1,persistent_frontier,0.00032750191166996956
thin_wall_n200_s1,36,2,roi,0.00019929418340325356
thin_wall_n200_s1,37,0,host_frontier,0.000388268381357193
thin_wall_n200_s1,37,1,roi,0.0002000671811401844
thin_wall_n200_s1,37,2,persistent_frontier,0.0003368780016899109
thin_wall_n200_s1,38,0,roi,0.00020395498722791672
thin_wall_n200_s1,38,1,host_frontier,0.0003851642832159996
thin_wall_n200_s1,38,2,persistent_frontier,0.00032669585198163986
thin_wall_n200_s1,39,0,roi,0.00020087789744138718
thin_wall_n200_s1,39,1,persistent_frontier,0.0003269030712544918
thin_wall_n200_s1,39,2,host_frontier,0.00036898721009492874
thin_wall_n200_s1,40,0,persistent_frontier,0.00032454589381814003
thin_wall_n200_s1,40,1,roi,0.000198442954570055
thin_wall_n200_s1,40,2,host_frontier,0.00038144877180457115
thin_wall_n200_s1,41,0,persistent_frontier,0.0003245449624955654
thin_wall_n200_s1,41,1,host_frontier,0.0003949897363781929
thin_wall_n200_s1,41,2,roi,0.00020293006673455238
thin_wall_n200_s1,42,0,host_frontier,0.00039101578295230865
thin_wall_n200_s1,42,1,persistent_frontier,0.00033209705725312233
thin_wall_n200_s1,42,2,roi,0.00020034192129969597
thin_wall_n200_s1,43,0,host_frontier,0.00044923415407538414
thin_wall_n200_s1,43,1,roi,0.00021013105288147926
thin_wall_n200_s1,43,2,persistent_frontier,0.0003349669277667999
thin_wall_n200_s1,44,0,roi,0.0001981300301849842
thin_wall_n200_s1,44,1,host_frontier,0.00039092497900128365
thin_wall_n200_s1,44,2,persistent_frontier,0.0003310791216790676
thin_wall_n200_s1,45,0,roi,0.00020404532551765442
thin_wall_n200_s1,45,1,persistent_frontier,0.00033290963619947433
thin_wall_n200_s1,45,2,host_frontier,0.00039558717980980873
thin_wall_n200_s1,46,0,persistent_frontier,0.00033133989199995995
thin_wall_n200_s1,46,1,roi,0.00020402809605002403
thin_wall_n200_s1,46,2,host_frontier,0.0003853370435535908
thin_wall_n200_s1,47,0,persistent_frontier,0.00032523879781365395
thin_wall_n200_s1,47,1,host_frontier,0.0003903917968273163
thin_wall_n200_s1,47,2,roi,0.00019890815019607544
thin_wall_n200_s1,48,0,host_frontier,0.00039918068796396255
thin_wall_n200_s1,48,1,persistent_frontier,0.0003247321583330631
thin_wall_n200_s1,48,2,roi,0.00019675493240356445
thin_wall_n200_s1,49,0,host_frontier,0.00039083417505025864
thin_wall_n200_s1,49,1,roi,0.00019533513113856316
thin_wall_n200_s1,49,2,persistent_frontier,0.0003382931463420391
thin_wall_n200_s1,50,0,roi,0.0002021300606429577
thin_wall_n200_s1,50,1,host_frontier,0.0003907401114702225
thin_wall_n200_s1,50,2,persistent_frontier,0.00033129705116152763
thin_wall_n200_s2,0,0,host_frontier,0.0006980649195611477
thin_wall_n200_s2,0,1,persistent_frontier,0.00043850578367710114
thin_wall_n200_s2,0,2,roi,0.0003224918618798256
thin_wall_n200_s2,1,0,host_frontier,0.000684189610183239
thin_wall_n200_s2,1,1,roi,0.0003184117376804352
thin_wall_n200_s2,1,2,persistent_frontier,0.0004412229172885418
thin_wall_n200_s2,2,0,roi,0.0003289720043540001
thin_wall_n200_s2,2,1,host_frontier,0.0006999420002102852
thin_wall_n200_s2,2,2,persistent_frontier,0.0004390347748994827
thin_wall_n200_s2,3,0,roi,0.0003254339098930359
thin_wall_n200_s2,3,1,persistent_frontier,0.00043295416980981827
thin_wall_n200_s2,3,2,host_frontier,0.0006849309429526329
thin_wall_n200_s2,4,0,persistent_frontier,0.0004304521717131138
thin_wall_n200_s2,4,1,roi,0.00031804805621504784
thin_wall_n200_s2,4,2,host_frontier,0.0006847111508250237
thin_wall_n200_s2,5,0,persistent_frontier,0.0004272283986210823
thin_wall_n200_s2,5,1,host_frontier,0.0006872587837278843
thin_wall_n200_s2,5,2,roi,0.00033155083656311035
thin_wall_n200_s2,6,0,host_frontier,0.0006808671168982983
thin_wall_n200_s2,6,1,persistent_frontier,0.00044031301513314247
thin_wall_n200_s2,6,2,roi,0.0003204178065061569
thin_wall_n200_s2,7,0,host_frontier,0.000684667844325304
thin_wall_n200_s2,7,1,roi,0.000310639850795269
thin_wall_n200_s2,7,2,persistent_frontier,0.00043177884072065353
thin_wall_n200_s2,8,0,roi,0.0003175879828631878
thin_wall_n200_s2,8,1,host_frontier,0.0006802491843700409
thin_wall_n200_s2,8,2,persistent_frontier,0.00045011332258582115
thin_wall_n200_s2,9,0,roi,0.00032013189047574997
thin_wall_n200_s2,9,1,persistent_frontier,0.000433086883276701
thin_wall_n200_s2,9,2,host_frontier,0.0006907200440764427
thin_wall_n200_s2,10,0,persistent_frontier,0.000435427762567997
thin_wall_n200_s2,10,1,roi,0.00032253097742795944
thin_wall_n200_s2,10,2,host_frontier,0.0006855218671262264
thin_wall_n200_s2,11,0,persistent_frontier,0.00043773185461759567
thin_wall_n200_s2,11,1,host_frontier,0.0006920532323420048
thin_wall_n200_s2,11,2,roi,0.0003111753612756729
thin_wall_n200_s2,12,0,host_frontier,0.0007604332640767097
thin_wall_n200_s2,12,1,persistent_frontier,0.0004458199255168438
thin_wall_n200_s2,12,2,roi,0.000327299814671278
thin_wall_n200_s2,13,0,host_frontier,0.000683231744915247
thin_wall_n200_s2,13,1,roi,0.0003201141953468323
thin_wall_n200_s2,13,2,persistent_frontier,0.00043967273086309433
thin_wall_n200_s2,14,0,roi,0.0003193342126905918
thin_wall_n200_s2,14,1,host_frontier,0.0006927778013050556
thin_wall_n200_s2,14,2,persistent_frontier,0.0004370049573481083
thin_wall_n200_s2,15,0,roi,0.00032076239585876465
thin_wall_n200_s2,15,1,persistent_frontier,0.0004442618228495121
thin_wall_n200_s2,15,2,host_frontier,0.0006862659938633442
thin_wall_n200_s2,16,0,persistent_frontier,0.00043446989730000496
thin_wall_n200_s2,16,1,roi,0.0003178343176841736
thin_wall_n200_s2,16,2,host_frontier,0.0006864038296043873
thin_wall_n200_s2,17,0,persistent_frontier,0.00043280795216560364
thin_wall_n200_s2,17,1,host_frontier,0.0006877118721604347
thin_wall_n200_s2,17,2,roi,0.000317402184009552
thin_wall_n200_s2,18,0,host_frontier,0.0006906450726091862
thin_wall_n200_s2,18,1,persistent_frontier,0.00043187616392970085
thin_wall_n200_s2,18,2,roi,0.000323473010212183
thin_wall_n200_s2,19,0,host_frontier,0.0006813411600887775
thin_wall_n200_s2,19,1,roi,0.00031861523166298866
thin_wall_n200_s2,19,2,persistent_frontier,0.000435790978372097
thin_wall_n200_s2,20,0,roi,0.00031658168882131577
thin_wall_n200_s2,20,1,host_frontier,0.0006738267838954926
thin_wall_n200_s2,20,2,persistent_frontier,0.00043358514085412025
thin_wall_n200_s2,21,0,roi,0.00031721964478492737
thin_wall_n200_s2,21,1,persistent_frontier,0.00043451692909002304
thin_wall_n200_s2,21,2,host_frontier,0.0006828620098531246
thin_wall_n200_s2,22,0,persistent_frontier,0.00042411312460899353
thin_wall_n200_s2,22,1,roi,0.00032217660918831825
thin_wall_n200_s2,22,2,host_frontier,0.0006840969435870647
thin_wall_n200_s2,23,0,persistent_frontier,0.0004339064471423626
thin_wall_n200_s2,23,1,host_frontier,0.0006756600923836231
thin_wall_n200_s2,23,2,roi,0.00032169604673981667
thin_wall_n200_s2,24,0,host_frontier,0.0006836750544607639
thin_wall_n200_s2,24,1,persistent_frontier,0.0004284479655325413
thin_wall_n200_s2,24,2,roi,0.0003166990354657173
thin_wall_n200_s2,25,0,host_frontier,0.0006971149705350399
thin_wall_n200_s2,25,1,roi,0.0003146110102534294
thin_wall_n200_s2,25,2,persistent_frontier,0.0004337690770626068
thin_wall_n200_s2,26,0,roi,0.00032558292150497437
thin_wall_n200_s2,26,1,host_frontier,0.0006876559928059578
thin_wall_n200_s2,26,2,persistent_frontier,0.00043484289199113846
thin_wall_n200_s2,27,0,roi,0.00031717587262392044
thin_wall_n200_s2,27,1,persistent_frontier,0.00043498212471604347
thin_wall_n200_s2,27,2,host_frontier,0.0006939959712326527
thin_wall_n200_s2,28,0,persistent_frontier,0.0004313616082072258
thin_wall_n200_s2,28,1,roi,0.000319706741720438
thin_wall_n200_s2,28,2,host_frontier,0.000680144876241684
thin_wall_n200_s2,29,0,persistent_frontier,0.0004297839477658272
thin_wall_n200_s2,29,1,host_frontier,0.0006935810670256615
thin_wall_n200_s2,29,2,roi,0.0003172159194946289
thin_wall_n200_s2,30,0,host_frontier,0.000662835780531168
thin_wall_n200_s2,30,1,persistent_frontier,0.00044117216020822525
thin_wall_n200_s2,30,2,roi,0.00031425198540091515
thin_wall_n200_s2,31,0,host_frontier,0.0006841979920864105
thin_wall_n200_s2,31,1,roi,0.000311397947371006
thin_wall_n200_s2,31,2,persistent_frontier,0.000433407723903656
thin_wall_n200_s2,32,0,roi,0.00030631478875875473
thin_wall_n200_s2,32,1,host_frontier,0.000698538962751627
thin_wall_n200_s2,32,2,persistent_frontier,0.0004303809255361557
thin_wall_n200_s2,33,0,roi,0.00031682103872299194
thin_wall_n200_s2,33,1,persistent_frontier,0.0004357430152595043
thin_wall_n200_s2,33,2,host_frontier,0.0006875470280647278
thin_wall_n200_s2,34,0,persistent_frontier,0.0004281718283891678
thin_wall_n200_s2,34,1,roi,0.0003155320882797241
thin_wall_n200_s2,34,2,host_frontier,0.0006886147893965244
thin_wall_n200_s2,35,0,persistent_frontier,0.00043635396286845207
thin_wall_n200_s2,35,1,host_frontier,0.0006863982416689396
thin_wall_n200_s2,35,2,roi,0.000323357991874218
thin_wall_n200_s2,36,0,host_frontier,0.0006892182864248753
thin_wall_n200_s2,36,1,persistent_frontier,0.0004354421980679035
thin_wall_n200_s2,36,2,roi,0.0003190441057085991
thin_wall_n200_s2,37,0,host_frontier,0.0006830771453678608
thin_wall_n200_s2,37,1,roi,0.0003176652826368809
thin_wall_n200_s2,37,2,persistent_frontier,0.0004344433546066284
thin_wall_n200_s2,38,0,roi,0.000310008879750967
thin_wall_n200_s2,38,1,host_frontier,0.0006921361200511456
thin_wall_n200_s2,38,2,persistent_frontier,0.00042725494131445885
thin_wall_n200_s2,39,0,roi,0.00031359074637293816
thin_wall_n200_s2,39,1,persistent_frontier,0.0004300009459257126
thin_wall_n200_s2,39,2,host_frontier,0.0006925109773874283
thin_wall_n200_s2,40,0,persistent_frontier,0.00043594976887106895
thin_wall_n200_s2,40,1,roi,0.0003206450492143631
thin_wall_n200_s2,40,2,host_frontier,0.0006852280348539352
thin_wall_n200_s2,41,0,persistent_frontier,0.0004282929003238678
thin_wall_n200_s2,41,1,host_frontier,0.0006946856155991554
thin_wall_n200_s2,41,2,roi,0.00032572122290730476
thin_wall_n200_s2,42,0,host_frontier,0.0006842343136668205
thin_wall_n200_s2,42,1,persistent_frontier,0.00043014902621507645
thin_wall_n200_s2,42,2,roi,0.00031693698838353157
thin_wall_n200_s2,43,0,host_frontier,0.0006840727292001247
thin_wall_n200_s2,43,1,roi,0.0003074188716709614
thin_wall_n200_s2,43,2,persistent_frontier,0.0004288330674171448
thin_wall_n200_s2,44,0,roi,0.00031557492911815643
thin_wall_n200_s2,44,1,host_frontier,0.000685444101691246
thin_wall_n200_s2,44,2,persistent_frontier,0.00043892813846468925
thin_wall_n200_s2,45,0,roi,0.0003207218833267689
thin_wall_n200_s2,45,1,persistent_frontier,0.0004407167434692383
thin_wall_n200_s2,45,2,host_frontier,0.0006815921515226364
thin_wall_n200_s2,46,0,persistent_frontier,0.00043309014290571213
thin_wall_n200_s2,46,1,roi,0.00031711114570498466
thin_wall_n200_s2,46,2,host_frontier,0.0006858068518340588
thin_wall_n200_s2,47,0,persistent_frontier,0.00043851975351572037
thin_wall_n200_s2,47,1,host_frontier,0.0007025767117738724
thin_wall_n200_s2,47,2,roi,0.0003208988346159458
thin_wall_n200_s2,48,0,host_frontier,0.0006929938681423664
thin_wall_n200_s2,48,1,persistent_frontier,0.00044055376201868057
thin_wall_n200_s2,48,2,roi,0.0003217277117073536
thin_wall_n200_s2,49,0,host_frontier,0.0006897957064211369
thin_wall_n200_s2,49,1,roi,0.00031800614669919014
thin_wall_n200_s2,49,2,persistent_frontier,0.00043852673843503
thin_wall_n200_s2,50,0,roi,0.0003180769272148609
thin_wall_n200_s2,50,1,host_frontier,0.0006800573319196701
thin_wall_n200_s2,50,2,persistent_frontier,0.0004382091574370861
thin_wall_n800_s1,0,0,host_frontier,0.0002940068952739239
thin_wall_n800_s1,0,1,persistent_frontier,0.0003108121454715729
thin_wall_n800_s1,0,2,roi,0.00019460218027234077
thin_wall_n800_s1,1,0,host_frontier,0.0003172829747200012
thin_wall_n800_s1,1,1,roi,0.00020062504336237907
thin_wall_n800_s1,1,2,persistent_frontier,0.00031103985384106636
thin_wall_n800_s1,2,0,roi,0.00019485317170619965
thin_wall_n800_s1,2,1,host_frontier,0.000302738044410944
thin_wall_n800_s1,2,2,persistent_frontier,0.00030292803421616554
thin_wall_n800_s1,3,0,roi,0.00019243918359279633
thin_wall_n800_s1,3,1,persistent_frontier,0.0003027208149433136
thin_wall_n800_s1,3,2,host_frontier,0.00030224770307540894
thin_wall_n800_s1,4,0,persistent_frontier,0.00030283769592642784
thin_wall_n800_s1,4,1,roi,0.00019112322479486465
thin_wall_n800_s1,4,2,host_frontier,0.0002904771827161312
thin_wall_n800_s1,5,0,persistent_frontier,0.0003062039613723755
thin_wall_n800_s1,5,1,host_frontier,0.00029917387291789055
thin_wall_n800_s1,5,2,roi,0.00019785482436418533
thin_wall_n800_s1,6,0,host_frontier,0.0003067092038691044
thin_wall_n800_s1,6,1,persistent_frontier,0.0003089979290962219
thin_wall_n800_s1,6,2,roi,0.00019523967057466507
thin_wall_n800_s1,7,0,host_frontier,0.0002986481413245201
thin_wall_n800_s1,7,1,roi,0.00019710510969161987
thin_wall_n800_s1,7,2,persistent_frontier,0.00031472695991396904
thin_wall_n800_s1,8,0,roi,0.00019399495795369148
thin_wall_n800_s1,8,1,host_frontier,0.00029365625232458115
thin_wall_n800_s1,8,2,persistent_frontier,0.00030418671667575836
thin_wall_n800_s1,9,0,roi,0.0001941649243235588
thin_wall_n800_s1,9,1,persistent_frontier,0.00030340440571308136
thin_wall_n800_s1,9,2,host_frontier,0.0002863360568881035
thin_wall_n800_s1,10,0,persistent_frontier,0.0002999426797032356
thin_wall_n800_s1,10,1,roi,0.00019599217921495438
thin_wall_n800_s1,10,2,host_frontier,0.000295350793749094
thin_wall_n800_s1,11,0,persistent_frontier,0.002331716939806938
thin_wall_n800_s1,11,1,host_frontier,0.0004222942516207695
thin_wall_n800_s1,11,2,roi,0.00033705076202750206
thin_wall_n800_s1,12,0,host_frontier,0.00030882004648447037
thin_wall_n800_s1,12,1,persistent_frontier,0.0003350907936692238
thin_wall_n800_s1,12,2,roi,0.00020452169701457024
thin_wall_n800_s1,13,0,host_frontier,0.00031225522980093956
thin_wall_n800_s1,13,1,roi,0.00019509810954332352
thin_wall_n800_s1,13,2,persistent_frontier,0.0003145490773022175
thin_wall_n800_s1,14,0,roi,0.00020178593695163727
thin_wall_n800_s1,14,1,host_frontier,0.00029582204297184944
thin_wall_n800_s1,14,2,persistent_frontier,0.0003093942068517208
thin_wall_n800_s1,15,0,roi,0.00019815191626548767
thin_wall_n800_s1,15,1,persistent_frontier,0.0003023603931069374
thin_wall_n800_s1,15,2,host_frontier,0.00029536476358771324
thin_wall_n800_s1,16,0,persistent_frontier,0.0003057112917304039
thin_wall_n800_s1,16,1,roi,0.00019515259191393852
thin_wall_n800_s1,16,2,host_frontier,0.00030279019847512245
thin_wall_n800_s1,17,0,persistent_frontier,0.0003095436841249466
thin_wall_n800_s1,17,1,host_frontier,0.0003037750720977783
thin_wall_n800_s1,17,2,roi,0.0001979316584765911
thin_wall_n800_s1,18,0,host_frontier,0.0002963119186460972
thin_wall_n800_s1,18,1,persistent_frontier,0.0003117881715297699
thin_wall_n800_s1,18,2,roi,0.00019211089238524437
thin_wall_n800_s1,19,0,host_frontier,0.0002926532179117203
thin_wall_n800_s1,19,1,roi,0.0001886407844722271
thin_wall_n800_s1,19,2,persistent_frontier,0.0003070761449635029
thin_wall_n800_s1,20,0,roi,0.00019780034199357033
thin_wall_n800_s1,20,1,host_frontier,0.00029926467686891556
thin_wall_n800_s1,20,2,persistent_frontier,0.0003074849955737591
thin_wall_n800_s1,21,0,roi,0.00019293511286377907
thin_wall_n800_s1,21,1,persistent_frontier,0.00030283164232969284
thin_wall_n800_s1,21,2,host_frontier,0.0003032549284398556
thin_wall_n800_s1,22,0,persistent_frontier,0.0003046998754143715
thin_wall_n800_s1,22,1,roi,0.00019495980814099312
thin_wall_n800_s1,22,2,host_frontier,0.0002993629314005375
thin_wall_n800_s1,23,0,persistent_frontier,0.0003057713620364666
thin_wall_n800_s1,23,1,host_frontier,0.00029590073972940445
thin_wall_n800_s1,23,2,roi,0.00019324803724884987
thin_wall_n800_s1,24,0,host_frontier,0.00029920972883701324
thin_wall_n800_s1,24,1,persistent_frontier,0.0002984139136970043
thin_wall_n800_s1,24,2,roi,0.00019028130918741226
thin_wall_n800_s1,25,0,host_frontier,0.0003060181625187397
thin_wall_n800_s1,25,1,roi,0.00019164010882377625
thin_wall_n800_s1,25,2,persistent_frontier,0.0003171190619468689
thin_wall_n800_s1,26,0,roi,0.00019052205607295036
thin_wall_n800_s1,26,1,host_frontier,0.00030317623168230057
thin_wall_n800_s1,26,2,persistent_frontier,0.00030176714062690735
thin_wall_n800_s1,27,0,roi,0.0001901569776237011
thin_wall_n800_s1,27,1,persistent_frontier,0.0002991999499499798
thin_wall_n800_s1,27,2,host_frontier,0.0002958308905363083
thin_wall_n800_s1,28,0,persistent_frontier,0.00030001765117049217
thin_wall_n800_s1,28,1,roi,0.00019414396956562996
thin_wall_n800_s1,28,2,host_frontier,0.0002989117056131363
thin_wall_n800_s1,29,0,persistent_frontier,0.0003015659749507904
thin_wall_n800_s1,29,1,host_frontier,0.0002997410483658314
thin_wall_n800_s1,29,2,roi,0.000195259228348732
thin_wall_n800_s1,30,0,host_frontier,0.000286787748336792
thin_wall_n800_s1,30,1,persistent_frontier,0.0002994178794324398
thin_wall_n800_s1,30,2,roi,0.00019069667905569077
thin_wall_n800_s1,31,0,host_frontier,0.0002975990064442158
thin_wall_n800_s1,31,1,roi,0.00019247597083449364
thin_wall_n800_s1,31,2,persistent_frontier,0.00030661094933748245
thin_wall_n800_s1,32,0,roi,0.00018750783056020737
thin_wall_n800_s1,32,1,host_frontier,0.0003002472221851349
thin_wall_n800_s1,32,2,persistent_frontier,0.00030254386365413666
thin_wall_n800_s1,33,0,roi,0.00019463477656245232
thin_wall_n800_s1,33,1,persistent_frontier,0.0003062472678720951
thin_wall_n800_s1,33,2,host_frontier,0.0002923118881881237
thin_wall_n800_s1,34,0,persistent_frontier,0.0003022560849785805
thin_wall_n800_s1,34,1,roi,0.00019482290372252464
thin_wall_n800_s1,34,2,host_frontier,0.00029665231704711914
thin_wall_n800_s1,35,0,persistent_frontier,0.0002958811819553375
thin_wall_n800_s1,35,1,host_frontier,0.00029743462800979614
thin_wall_n800_s1,35,2,roi,0.00019120005890727043
thin_wall_n800_s1,36,0,host_frontier,0.0002945326268672943
thin_wall_n800_s1,36,1,persistent_frontier,0.00029557105153799057
thin_wall_n800_s1,36,2,roi,0.00019058072939515114
thin_wall_n800_s1,37,0,host_frontier,0.0002958988770842552
thin_wall_n800_s1,37,1,roi,0.00018618302419781685
thin_wall_n800_s1,37,2,persistent_frontier,0.00030268169939517975
thin_wall_n800_s1,38,0,roi,0.00019190413877367973
thin_wall_n800_s1,38,1,host_frontier,0.00029343320056796074
thin_wall_n800_s1,38,2,persistent_frontier,0.0003021359443664551
thin_wall_n800_s1,39,0,roi,0.00018996279686689377
thin_wall_n800_s1,39,1,persistent_frontier,0.0003011939115822315
thin_wall_n800_s1,39,2,host_frontier,0.0002959277480840683
thin_wall_n800_s1,40,0,persistent_frontier,0.0003016791306436062
thin_wall_n800_s1,40,1,roi,0.00019039399921894073
thin_wall_n800_s1,40,2,host_frontier,0.0002976306714117527
thin_wall_n800_s1,41,0,persistent_frontier,0.00029702577739953995
thin_wall_n800_s1,41,1,host_frontier,0.00029394496232271194
thin_wall_n800_s1,41,2,roi,0.00018887128680944443
thin_wall_n800_s1,42,0,host_frontier,0.0002959398552775383
thin_wall_n800_s1,42,1,persistent_frontier,0.00029880087822675705
thin_wall_n800_s1,42,2,roi,0.0001877257600426674
thin_wall_n800_s1,43,0,host_frontier,0.0003156629391014576
thin_wall_n800_s1,43,1,roi,0.0001939600333571434
thin_wall_n800_s1,43,2,persistent_frontier,0.00030585797503590584
thin_wall_n800_s1,44,0,roi,0.00019001075997948647
thin_wall_n800_s1,44,1,host_frontier,0.0002958201803267002
thin_wall_n800_s1,44,2,persistent_frontier,0.0003015659749507904
thin_wall_n800_s1,45,0,roi,0.00019000796601176262
thin_wall_n800_s1,45,1,persistent_frontier,0.00030789198353886604
thin_wall_n800_s1,45,2,host_frontier,0.00029635708779096603
thin_wall_n800_s1,46,0,persistent_frontier,0.00029798317700624466
thin_wall_n800_s1,46,1,roi,0.000189242884516716
thin_wall_n800_s1,46,2,host_frontier,0.000296739861369133
thin_wall_n800_s1,47,0,persistent_frontier,0.00029900018125772476
thin_wall_n800_s1,47,1,host_frontier,0.0002934308722615242
thin_wall_n800_s1,47,2,roi,0.00018737418577075005
thin_wall_n800_s1,48,0,host_frontier,0.00029803579673171043
thin_wall_n800_s1,48,1,persistent_frontier,0.00030169496312737465
thin_wall_n800_s1,48,2,roi,0.0001910603605210781
thin_wall_n800_s1,49,0,host_frontier,0.00029972707852721214
thin_wall_n800_s1,49,1,roi,0.0001901872456073761
thin_wall_n800_s1,49,2,persistent_frontier,0.0003047171048820019
thin_wall_n800_s1,50,0,roi,0.00019059795886278152
thin_wall_n800_s1,50,1,host_frontier,0.00046841101720929146
thin_wall_n800_s1,50,2,persistent_frontier,0.0006062709726393223
thin_wall_n800_s2,0,0,host_frontier,0.0005438509397208691
thin_wall_n800_s2,0,1,persistent_frontier,0.00039815809577703476
thin_wall_n800_s2,0,2,roi,0.0002561910077929497
thin_wall_n800_s2,1,0,host_frontier,0.0005327449180185795
thin_wall_n800_s2,1,1,roi,0.0002582268789410591
thin_wall_n800_s2,1,2,persistent_frontier,0.0004063919186592102
thin_wall_n800_s2,2,0,roi,0.0002588829956948757
thin_wall_n800_s2,2,1,host_frontier,0.0005506738089025021
thin_wall_n800_s2,2,2,persistent_frontier,0.0003951042890548706
thin_wall_n800_s2,3,0,roi,0.0002566729672253132
thin_wall_n800_s2,3,1,persistent_frontier,0.00039425259456038475
thin_wall_n800_s2,3,2,host_frontier,0.0005319314077496529
thin_wall_n800_s2,4,0,persistent_frontier,0.00038803601637482643
thin_wall_n800_s2,4,1,roi,0.000252709724009037
thin_wall_n800_s2,4,2,host_frontier,0.0005281800404191017
thin_wall_n800_s2,5,0,persistent_frontier,0.00039487192407250404
thin_wall_n800_s2,5,1,host_frontier,0.0005339221097528934
thin_wall_n800_s2,5,2,roi,0.00026309210807085037
thin_wall_n800_s2,6,0,host_frontier,0.000540419016033411
thin_wall_n800_s2,6,1,persistent_frontier,0.000391542911529541
thin_wall_n800_s2,6,2,roi,0.00025558704510331154
thin_wall_n800_s2,7,0,host_frontier,0.0005340171046555042
thin_wall_n800_s2,7,1,roi,0.00025709811598062515
thin_wall_n800_s2,7,2,persistent_frontier,0.0003933589905500412
thin_wall_n800_s2,8,0,roi,0.00025626225396990776
thin_wall_n800_s2,8,1,host_frontier,0.0005244840867817402
thin_wall_n800_s2,8,2,persistent_frontier,0.00039206910878419876
thin_wall_n800_s2,9,0,roi,0.000257010105997324
thin_wall_n800_s2,9,1,persistent_frontier,0.00040122540667653084
thin_wall_n800_s2,9,2,host_frontier,0.0005495972000062466
thin_wall_n800_s2,10,0,persistent_frontier,0.00040607666596770287
thin_wall_n800_s2,10,1,roi,0.0002647428773343563
thin_wall_n800_s2,10,2,host_frontier,0.00053388811647892
thin_wall_n800_s2,11,0,persistent_frontier,0.0003911750391125679
thin_wall_n800_s2,11,1,host_frontier,0.0005294871516525745
thin_wall_n800_s2,11,2,roi,0.0002588648349046707
thin_wall_n800_s2,12,0,host_frontier,0.0005277730524539948
thin_wall_n800_s2,12,1,persistent_frontier,0.0003908369690179825
thin_wall_n800_s2,12,2,roi,0.00026049837470054626
thin_wall_n800_s2,13,0,host_frontier,0.0005317111499607563
thin_wall_n800_s2,13,1,roi,0.00025661615654826164
thin_wall_n800_s2,13,2,persistent_frontier,0.0003940886817872524
thin_wall_n800_s2,14,0,roi,0.00025354698300361633
thin_wall_n800_s2,14,1,host_frontier,0.000533033162355423
thin_wall_n800_s2,14,2,persistent_frontier,0.00038907863199710846
thin_wall_n800_s2,15,0,roi,0.00025666505098342896
thin_wall_n800_s2,15,1,persistent_frontier,0.00040054507553577423
thin_wall_n800_s2,15,2,host_frontier,0.000550026074051857
thin_wall_n800_s2,16,0,persistent_frontier,0.0003899899311363697
thin_wall_n800_s2,16,1,roi,0.00025761500000953674
thin_wall_n800_s2,16,2,host_frontier,0.0005357968620955944
thin_wall_n800_s2,17,0,persistent_frontier,0.0003892607055604458
thin_wall_n800_s2,17,1,host_frontier,0.0005383328534662724
thin_wall_n800_s2,17,2,roi,0.0002585561014711857
thin_wall_n800_s2,18,0,host_frontier,0.000530480407178402
thin_wall_n800_s2,18,1,persistent_frontier,0.00038727186620235443
thin_wall_n800_s2,18,2,roi,0.00025699008256196976
thin_wall_n800_s2,19,0,host_frontier,0.0005440851673483849
thin_wall_n800_s2,19,1,roi,0.00026142317801713943
thin_wall_n800_s2,19,2,persistent_frontier,0.0004048510454595089
thin_wall_n800_s2,20,0,roi,0.00025819381698966026
thin_wall_n800_s2,20,1,host_frontier,0.0005425242707133293
thin_wall_n800_s2,20,2,persistent_frontier,0.00039593176916241646
thin_wall_n800_s2,21,0,roi,0.00025951024144887924
thin_wall_n800_s2,21,1,persistent_frontier,0.0003929752856492996
thin_wall_n800_s2,21,2,host_frontier,0.0005285567604005337
thin_wall_n800_s2,22,0,persistent_frontier,0.00039070239290595055
thin_wall_n800_s2,22,1,roi,0.00025727925822138786
thin_wall_n800_s2,22,2,host_frontier,0.0005329628475010395
thin_wall_n800_s2,23,0,persistent_frontier,0.00039121508598327637
thin_wall_n800_s2,23,1,host_frontier,0.0005350350402295589
thin_wall_n800_s2,23,2,roi,0.0002549821510910988
thin_wall_n800_s2,24,0,host_frontier,0.0005383482202887535
thin_wall_n800_s2,24,1,persistent_frontier,0.0003957529552280903
thin_wall_n800_s2,24,2,roi,0.000261522363871336
thin_wall_n800_s2,25,0,host_frontier,0.000535233411937952
thin_wall_n800_s2,25,1,roi,0.00025695329532027245
thin_wall_n800_s2,25,2,persistent_frontier,0.0003985869698226452
thin_wall_n800_s2,26,0,roi,0.00025597214698791504
thin_wall_n800_s2,26,1,host_frontier,0.0005312343128025532
thin_wall_n800_s2,26,2,persistent_frontier,0.0003986484371125698
thin_wall_n800_s2,27,0,roi,0.00025707902386784554
thin_wall_n800_s2,27,1,persistent_frontier,0.0003917650319635868
thin_wall_n800_s2,27,2,host_frontier,0.0005199331790208817
thin_wall_n800_s2,28,0,persistent_frontier,0.0003893100656569004
thin_wall_n800_s2,28,1,roi,0.0002554347738623619
thin_wall_n800_s2,28,2,host_frontier,0.0005222819745540619
thin_wall_n800_s2,29,0,persistent_frontier,0.00039714202284812927
thin_wall_n800_s2,29,1,host_frontier,0.0005298350006341934
thin_wall_n800_s2,29,2,roi,0.0002650986425578594
thin_wall_n800_s2,30,0,host_frontier,0.0005258792079985142
thin_wall_n800_s2,30,1,persistent_frontier,0.0003987248055636883
thin_wall_n800_s2,30,2,roi,0.00025787297636270523
thin_wall_n800_s2,31,0,host_frontier,0.0005349009297788143
thin_wall_n800_s2,31,1,roi,0.0002560648135840893
thin_wall_n800_s2,31,2,persistent_frontier,0.00039429496973752975
thin_wall_n800_s2,32,0,roi,0.00025701476261019707
thin_wall_n800_s2,32,1,host_frontier,0.0005343947559595108
thin_wall_n800_s2,32,2,persistent_frontier,0.00039200298488140106
thin_wall_n800_s2,33,0,roi,0.00026877596974372864
thin_wall_n800_s2,33,1,persistent_frontier,0.0004021618515253067
thin_wall_n800_s2,33,2,host_frontier,0.000528327189385891
thin_wall_n800_s2,34,0,persistent_frontier,0.0003953501582145691
thin_wall_n800_s2,34,1,roi,0.00026116007938981056
thin_wall_n800_s2,34,2,host_frontier,0.0005216230638325214
thin_wall_n800_s2,35,0,persistent_frontier,0.00039350101724267006
thin_wall_n800_s2,35,1,host_frontier,0.0005296668969094753
thin_wall_n800_s2,35,2,roi,0.000254645012319088
thin_wall_n800_s2,36,0,host_frontier,0.0005310890264809132
thin_wall_n800_s2,36,1,persistent_frontier,0.00039383629336953163
thin_wall_n800_s2,36,2,roi,0.00025867391377687454
thin_wall_n800_s2,37,0,host_frontier,0.0005353540182113647
thin_wall_n800_s2,37,1,roi,0.00025587528944015503
thin_wall_n800_s2,37,2,persistent_frontier,0.00039608823135495186
thin_wall_n800_s2,38,0,roi,0.00025812676176428795
thin_wall_n800_s2,38,1,host_frontier,0.0005327938124537468
thin_wall_n800_s2,38,2,persistent_frontier,0.0003943569026887417
thin_wall_n800_s2,39,0,roi,0.00025757821276783943
thin_wall_n800_s2,39,1,persistent_frontier,0.0003944248892366886
thin_wall_n800_s2,39,2,host_frontier,0.0005422187969088554
thin_wall_n800_s2,40,0,persistent_frontier,0.0003979988396167755
thin_wall_n800_s2,40,1,roi,0.0002572950907051563
thin_wall_n800_s2,40,2,host_frontier,0.0005326219834387302
thin_wall_n800_s2,41,0,persistent_frontier,0.0003926916979253292
thin_wall_n800_s2,41,1,host_frontier,0.0005353703163564205
thin_wall_n800_s2,41,2,roi,0.00025570811703801155
thin_wall_n800_s2,42,0,host_frontier,0.0005360683426260948
thin_wall_n800_s2,42,1,persistent_frontier,0.00039042485877871513
thin_wall_n800_s2,42,2,roi,0.00025538494810462
thin_wall_n800_s2,43,0,host_frontier,0.000529170036315918
thin_wall_n800_s2,43,1,roi,0.0002572769299149513
thin_wall_n800_s2,43,2,persistent_frontier,0.0004012291319668293
thin_wall_n800_s2,44,0,roi,0.0002534179948270321
thin_wall_n800_s2,44,1,host_frontier,0.0005392148159444332
thin_wall_n800_s2,44,2,persistent_frontier,0.00039579207077622414
thin_wall_n800_s2,45,0,roi,0.0002534743398427963
thin_wall_n800_s2,45,1,persistent_frontier,0.00039539625868201256
thin_wall_n800_s2,45,2,host_frontier,0.0005373707972466946
thin_wall_n800_s2,46,0,persistent_frontier,0.00039092404767870903
thin_wall_n800_s2,46,1,roi,0.00025492021813988686
thin_wall_n800_s2,46,2,host_frontier,0.0005367179401218891
thin_wall_n800_s2,47,0,persistent_frontier,0.0003966144286096096
thin_wall_n800_s2,47,1,host_frontier,0.0005367398262023926
thin_wall_n800_s2,47,2,roi,0.00026413705199956894
thin_wall_n800_s2,48,0,host_frontier,0.0005427543073892593
thin_wall_n800_s2,48,1,persistent_frontier,0.00039046211168169975
thin_wall_n800_s2,48,2,roi,0.0002585938200354576
thin_wall_n800_s2,49,0,host_frontier,0.0005502798594534397
thin_wall_n800_s2,49,1,roi,0.00025904085487127304
thin_wall_n800_s2,49,2,persistent_frontier,0.00040238071233034134
thin_wall_n800_s2,50,0,roi,0.0002574142999947071
thin_wall_n800_s2,50,1,host_frontier,0.0005250871181488037
thin_wall_n800_s2,50,2,persistent_frontier,0.0003932691179215908
maze_n200_s1,0,0,host_frontier,0.00040232622995972633
maze_n200_s1,0,1,persistent_frontier,0.0003351331688463688
maze_n200_s1,0,2,roi,0.00018918095156550407
maze_n200_s1,1,0,host_frontier,0.00039375806227326393
maze_n200_s1,1,1,roi,0.00018409499898552895
maze_n200_s1,1,2,persistent_frontier,0.0003309408202767372
maze_n200_s1,2,0,roi,0.00018775369971990585
maze_n200_s1,2,1,host_frontier,0.00039034895598888397
maze_n200_s1,2,2,persistent_frontier,0.0003294171765446663
maze_n200_s1,3,0,roi,0.00019042100757360458
maze_n200_s1,3,1,persistent_frontier,0.0003300001844763756
maze_n200_s1,3,2,host_frontier,0.0003928248770534992
maze_n200_s1,4,0,persistent_frontier,0.00033203884959220886
maze_n200_s1,4,1,roi,0.00018868455663323402
maze_n200_s1,4,2,host_frontier,0.00038012396544218063
maze_n200_s1,5,0,persistent_frontier,0.0003221011720597744
maze_n200_s1,5,1,host_frontier,0.0003884010948240757
maze_n200_s1,5,2,roi,0.00018235482275485992
maze_n200_s1,6,0,host_frontier,0.00038679223507642746
maze_n200_s1,6,1,persistent_frontier,0.00032585207372903824
maze_n200_s1,6,2,roi,0.00018409406766295433
maze_n200_s1,7,0,host_frontier,0.0003979792818427086
maze_n200_s1,7,1,roi,0.00018566614016890526
maze_n200_s1,7,2,persistent_frontier,0.00032879505306482315
maze_n200_s1,8,0,roi,0.00018293317407369614
maze_n200_s1,8,1,host_frontier,0.0003871070221066475
maze_n200_s1,8,2,persistent_frontier,0.00033748289570212364
maze_n200_s1,9,0,roi,0.00018225796520709991
maze_n200_s1,9,1,persistent_frontier,0.00032548001036047935
maze_n200_s1,9,2,host_frontier,0.0003886949270963669
maze_n200_s1,10,0,persistent_frontier,0.00032434891909360886
maze_n200_s1,10,1,roi,0.00018361397087574005
maze_n200_s1,10,2,host_frontier,0.00039484817534685135
maze_n200_s1,11,0,persistent_frontier,0.0003300858661532402
maze_n200_s1,11,1,host_frontier,0.0003899759612977505
maze_n200_s1,11,2,roi,0.00018806802108883858
maze_n200_s1,12,0,host_frontier,0.00038814079016447067
maze_n200_s1,12,1,persistent_frontier,0.0003295508213341236
maze_n200_s1,12,2,roi,0.00018392875790596008
maze_n200_s1,13,0,host_frontier,0.00038946978747844696
maze_n200_s1,13,1,roi,0.0001814081333577633
maze_n200_s1,13,2,persistent_frontier,0.00032972125336527824
maze_n200_s1,14,0,roi,0.00018220534548163414
maze_n200_s1,14,1,host_frontier,0.0003782613202929497
maze_n200_s1,14,2,persistent_frontier,0.0003244485706090927
maze_n200_s1,15,0,roi,0.00017919577658176422
maze_n200_s1,15,1,persistent_frontier,0.00033351825550198555
maze_n200_s1,15,2,host_frontier,0.0003848867490887642
maze_n200_s1,16,0,persistent_frontier,0.00032673683017492294
maze_n200_s1,16,1,roi,0.00031303009018301964
maze_n200_s1,16,2,host_frontier,0.0008829259313642979
maze_n200_s1,17,0,persistent_frontier,0.004299920983612537
maze_n200_s1,17,1,host_frontier,0.005995563231408596
maze_n200_s1,17,2,roi,0.000547126866877079
maze_n200_s1,18,0,host_frontier,0.0007972409948706627
maze_n200_s1,18,1,persistent_frontier,0.0007352586835622787
maze_n200_s1,18,2,roi,0.0004997379146516323
maze_n200_s1,19,0,host_frontier,0.0015530521050095558
maze_n200_s1,19,1,roi,0.0010976288467645645
maze_n200_s1,19,2,persistent_frontier,0.0018218220211565495
maze_n200_s1,20,0,roi,0.0010304129682481289
maze_n200_s1,20,1,host_frontier,0.002167006954550743
maze_n200_s1,20,2,persistent_frontier,0.0015545878559350967
maze_n200_s1,21,0,roi,0.0008948938921093941
maze_n200_s1,21,1,persistent_frontier,0.0006720749661326408
maze_n200_s1,21,2,host_frontier,0.0007803891785442829
maze_n200_s1,22,0,persistent_frontier,0.0007093851454555988
maze_n200_s1,22,1,roi,0.0004978352226316929
maze_n200_s1,22,2,host_frontier,0.0011159852147102356
maze_n200_s1,23,0,persistent_frontier,0.0011219577863812447
maze_n200_s1,23,1,host_frontier,0.0006616818718612194
maze_n200_s1,23,2,roi,0.00019467482343316078
maze_n200_s1,24,0,host_frontier,0.00038706976920366287
maze_n200_s1,24,1,persistent_frontier,0.00033001694828271866
maze_n200_s1,24,2,roi,0.00018699001520872116
maze_n200_s1,25,0,host_frontier,0.00039090216159820557
maze_n200_s1,25,1,roi,0.00018356973305344582
maze_n200_s1,25,2,persistent_frontier,0.000338234007358551
maze_n200_s1,26,0,roi,0.0001911977306008339
maze_n200_s1,26,1,host_frontier,0.00039526913315057755
maze_n200_s1,26,2,persistent_frontier,0.00033082999289035797
maze_n200_s1,27,0,roi,0.0001945006661117077
maze_n200_s1,27,1,persistent_frontier,0.0003295917995274067
maze_n200_s1,27,2,host_frontier,0.0003935461863875389
maze_n200_s1,28,0,persistent_frontier,0.000322612002491951
maze_n200_s1,28,1,roi,0.00018412712961435318
maze_n200_s1,28,2,host_frontier,0.0003872392699122429
maze_n200_s1,29,0,persistent_frontier,0.0003284076228737831
maze_n200_s1,29,1,host_frontier,0.0003806697204709053
maze_n200_s1,29,2,roi,0.00018285028636455536
maze_n200_s1,30,0,host_frontier,0.0003850799985229969
maze_n200_s1,30,1,persistent_frontier,0.00032359082251787186
maze_n200_s1,30,2,roi,0.00018021930009126663
maze_n200_s1,31,0,host_frontier,0.00039334874600172043
maze_n200_s1,31,1,roi,0.00019573327153921127
maze_n200_s1,31,2,persistent_frontier,0.000329325906932354
maze_n200_s1,32,0,roi,0.00018479209393262863
maze_n200_s1,32,1,host_frontier,0.00039149029180407524
maze_n200_s1,32,2,persistent_frontier,0.00032643089070916176
maze_n200_s1,33,0,roi,0.00018122978508472443
maze_n200_s1,33,1,persistent_frontier,0.0003238930366933346
maze_n200_s1,33,2,host_frontier,0.0003868322819471359
maze_n200_s1,34,0,persistent_frontier,0.000321337953209877
maze_n200_s1,34,1,roi,0.00018019601702690125
maze_n200_s1,34,2,host_frontier,0.0003869030624628067
maze_n200_s1,35,0,persistent_frontier,0.00032659200951457024
maze_n200_s1,35,1,host_frontier,0.0003779302351176739
maze_n200_s1,35,2,roi,0.00018832506611943245
maze_n200_s1,36,0,host_frontier,0.00036944402381777763
maze_n200_s1,36,1,persistent_frontier,0.00032824184745550156
maze_n200_s1,36,2,roi,0.00018213968724012375
maze_n200_s1,37,0,host_frontier,0.00038949400186538696
maze_n200_s1,37,1,roi,0.0001789350062608719
maze_n200_s1,37,2,persistent_frontier,0.0003251265734434128
maze_n200_s1,38,0,roi,0.0001808558590710163
maze_n200_s1,38,1,host_frontier,0.00039215199649333954
maze_n200_s1,38,2,persistent_frontier,0.0003232029266655445
maze_n200_s1,39,0,roi,0.000182208139449358
maze_n200_s1,39,1,persistent_frontier,0.00032453984022140503
maze_n200_s1,39,2,host_frontier,0.00038676895201206207
maze_n200_s1,40,0,persistent_frontier,0.00032555311918258667
maze_n200_s1,40,1,roi,0.00018258718773722649
maze_n200_s1,40,2,host_frontier,0.00038293516263365746
maze_n200_s1,41,0,persistent_frontier,0.0003276308998465538
maze_n200_s1,41,1,host_frontier,0.00038306694477796555
maze_n200_s1,41,2,roi,0.00018503004685044289
maze_n200_s1,42,0,host_frontier,0.0003840629942715168
maze_n200_s1,42,1,persistent_frontier,0.00032177893444895744
maze_n200_s1,42,2,roi,0.00018347706645727158
maze_n200_s1,43,0,host_frontier,0.0003897971473634243
maze_n200_s1,43,1,roi,0.0001825401559472084
maze_n200_s1,43,2,persistent_frontier,0.00032553309574723244
maze_n200_s1,44,0,roi,0.0001800372265279293
maze_n200_s1,44,1,host_frontier,0.00038772495463490486
maze_n200_s1,44,2,persistent_frontier,0.000321750994771719
maze_n200_s1,45,0,roi,0.0001821848563849926
maze_n200_s1,45,1,persistent_frontier,0.0003300001844763756
maze_n200_s1,45,2,host_frontier,0.00039631593972444534
maze_n200_s1,46,0,persistent_frontier,0.0003217821940779686
maze_n200_s1,46,1,roi,0.00018222816288471222
maze_n200_s1,46,2,host_frontier,0.00038714008405804634
maze_n200_s1,47,0,persistent_frontier,0.0003210599534213543
maze_n200_s1,47,1,host_frontier,0.00038523366674780846
maze_n200_s1,47,2,roi,0.00018182303756475449
maze_n200_s1,48,0,host_frontier,0.00039317086338996887
maze_n200_s1,48,1,persistent_frontier,0.00032353587448596954
maze_n200_s1,48,2,roi,0.0001846030354499817
maze_n200_s1,49,0,host_frontier,0.00039733992889523506
maze_n200_s1,49,1,roi,0.00018142489716410637
maze_n200_s1,49,2,persistent_frontier,0.0003322563134133816
maze_n200_s1,50,0,roi,0.0001817583106458187
maze_n200_s1,50,1,host_frontier,0.000384598970413208
maze_n200_s1,50,2,persistent_frontier,0.00032813381403684616
maze_n200_s2,0,0,host_frontier,0.0006924471817910671
maze_n200_s2,0,1,persistent_frontier,0.0004399772733449936
maze_n200_s2,0,2,roi,0.0002454761415719986
maze_n200_s2,1,0,host_frontier,0.0006866222247481346
maze_n200_s2,1,1,roi,0.00023925164714455605
maze_n200_s2,1,2,persistent_frontier,0.00043471530079841614
maze_n200_s2,2,0,roi,0.00023938901722431183
maze_n200_s2,2,1,host_frontier,0.0006909780204296112
maze_n200_s2,2,2,persistent_frontier,0.00043730204924941063
maze_n200_s2,3,0,roi,0.00023923488333821297
maze_n200_s2,3,1,persistent_frontier,0.0004391358233988285
maze_n200_s2,3,2,host_frontier,0.0006970311515033245
maze_n200_s2,4,0,persistent_frontier,0.0004365607164800167
maze_n200_s2,4,1,roi,0.00024211686104536057
maze_n200_s2,4,2,host_frontier,0.000677810050547123
maze_n200_s2,5,0,persistent_frontier,0.0004320601001381874
maze_n200_s2,5,1,host_frontier,0.0007011480629444122
maze_n200_s2,5,2,roi,0.00024132803082466125
maze_n200_s2,6,0,host_frontier,0.0006986893713474274
maze_n200_s2,6,1,persistent_frontier,0.0006952676922082901
maze_n200_s2,6,2,roi,0.000540412962436676
maze_n200_s2,7,0,host_frontier,0.0013331398367881775
maze_n200_s2,7,1,roi,0.0005275998264551163
maze_n200_s2,7,2,persistent_frontier,0.0008998238481581211
maze_n200_s2,8,0,roi,0.0005143000744283199
maze_n200_s2,8,1,host_frontier,0.001359746791422367
maze_n200_s2,8,2,persistent_frontier,0.0008701439946889877
maze_n200_s2,9,0,roi,0.0005264109931886196
maze_n200_s2,9,1,persistent_frontier,0.0008651553653180599
maze_n200_s2,9,2,host_frontier,0.0012691267766058445
maze_n200_s2,10,0,persistent_frontier,0.000823319423943758
maze_n200_s2,10,1,roi,0.0009016981348395348
maze_n200_s2,10,2,host_frontier,0.0013148309662938118
maze_n200_s2,11,0,persistent_frontier,0.0008539929986000061
maze_n200_s2,11,1,host_frontier,0.0012951251119375229
maze_n200_s2,11,2,roi,0.0005080271512269974
maze_n200_s2,12,0,host_frontier,0.0012699831277132034
maze_n200_s2,12,1,persistent_frontier,0.002149942796677351
maze_n200_s2,12,2,roi,0.0011161868460476398
maze_n200_s2,13,0,host_frontier,0.002335289027541876
maze_n200_s2,13,1,roi,0.0012560621835291386
maze_n200_s2,13,2,persistent_frontier,0.0038497429341077805
maze_n200_s2,14,0,roi,0.0005363081581890583
maze_n200_s2,14,1,host_frontier,0.001287858933210373
maze_n200_s2,14,2,persistent_frontier,0.0009348159655928612
maze_n200_s2,15,0,roi,0.000501731876283884
maze_n200_s2,15,1,persistent_frontier,0.0006503220647573471
maze_n200_s2,15,2,host_frontier,0.000694171991199255
maze_n200_s2,16,0,persistent_frontier,0.00043233996257185936
maze_n200_s2,16,1,roi,0.00024317484349012375
maze_n200_s2,16,2,host_frontier,0.0006757527589797974
maze_n200_s2,17,0,persistent_frontier,0.00043393997475504875
maze_n200_s2,17,1,host_frontier,0.0006908201612532139
maze_n200_s2,17,2,roi,0.00023974617943167686
maze_n200_s2,18,0,host_frontier,0.000687797088176012
maze_n200_s2,18,1,persistent_frontier,0.00043129175901412964
maze_n200_s2,18,2,roi,0.00024281535297632217
maze_n200_s2,19,0,host_frontier,0.0006968798115849495
maze_n200_s2,19,1,roi,0.00023913290351629257
maze_n200_s2,19,2,persistent_frontier,0.00044116703793406487
maze_n200_s2,20,0,roi,0.00023759203031659126
maze_n200_s2,20,1,host_frontier,0.0006738449446856976
maze_n200_s2,20,2,persistent_frontier,0.00043013226240873337
maze_n200_s2,21,0,roi,0.00024749618023633957
maze_n200_s2,21,1,persistent_frontier,0.00043105101212859154
maze_n200_s2,21,2,host_frontier,0.0006930087693035603
maze_n200_s2,22,0,persistent_frontier,0.0004306412301957607
maze_n200_s2,22,1,roi,0.0002378355711698532
maze_n200_s2,22,2,host_frontier,0.0006843879818916321
maze_n200_s2,23,0,persistent_frontier,0.0004289303906261921
maze_n200_s2,23,1,host_frontier,0.000673362985253334
maze_n200_s2,23,2,roi,0.00024357205256819725
maze_n200_s2,24,0,host_frontier,0.0006832149811089039
maze_n200_s2,24,1,persistent_frontier,0.00043436838313937187
maze_n200_s2,24,2,roi,0.00023885630071163177
maze_n200_s2,25,0,host_frontier,0.0006817043758928776
maze_n200_s2,25,1,roi,0.0002445089630782604
maze_n200_s2,25,2,persistent_frontier,0.00043437862768769264
maze_n200_s2,26,0,roi,0.00023944396525621414
maze_n200_s2,26,1,host_frontier,0.0006727306172251701
maze_n200_s2,26,2,persistent_frontier,0.00043966760858893394
maze_n200_s2,27,0,roi,0.0002439897507429123
maze_n200_s2,27,1,persistent_frontier,0.0004378599114716053
maze_n200_s2,27,2,host_frontier,0.000693087000399828
maze_n200_s2,28,0,persistent_frontier,0.0004320000298321247
maze_n200_s2,28,1,roi,0.00024098576977849007
maze_n200_s2,28,2,host_frontier,0.0006795651279389858
maze_n200_s2,29,0,persistent_frontier,0.0004305322654545307
maze_n200_s2,29,1,host_frontier,0.0006909240037202835
maze_n200_s2,29,2,roi,0.00024101370945572853
maze_n200_s2,30,0,host_frontier,0.0006930758245289326
maze_n200_s2,30,1,persistent_frontier,0.0004308023490011692
maze_n200_s2,30,2,roi,0.00023901090025901794
maze_n200_s2,31,0,host_frontier,0.0006824457086622715
maze_n200_s2,31,1,roi,0.00024020811542868614
maze_n200_s2,31,2,persistent_frontier,0.0004380960017442703
maze_n200_s2,32,0,roi,0.0002382928505539894
maze_n200_s2,32,1,host_frontier,0.0006987177766859531
maze_n200_s2,32,2,persistent_frontier,0.0004295329563319683
maze_n200_s2,33,0,roi,0.00023940019309520721
maze_n200_s2,33,1,persistent_frontier,0.00044145993888378143
maze_n200_s2,33,2,host_frontier,0.0006825770251452923
maze_n200_s2,34,0,persistent_frontier,0.00043252483010292053
maze_n200_s2,34,1,roi,0.0002481001429259777
maze_n200_s2,34,2,host_frontier,0.0006795302033424377
maze_n200_s2,35,0,persistent_frontier,0.00043429387733340263
maze_n200_s2,35,1,host_frontier,0.0006834897212684155
maze_n200_s2,35,2,roi,0.0002402118407189846
maze_n200_s2,36,0,host_frontier,0.0006844392046332359
maze_n200_s2,36,1,persistent_frontier,0.000707009807229042
maze_n200_s2,36,2,roi,0.0005049807950854301
maze_n200_s2,37,0,host_frontier,0.001307463739067316
maze_n200_s2,37,1,roi,0.0005279220640659332
maze_n200_s2,37,2,persistent_frontier,0.0009007928892970085
maze_n200_s2,38,0,roi,0.0005338429473340511
maze_n200_s2,38,1,host_frontier,0.0013548177666962147
maze_n200_s2,38,2,persistent_frontier,0.0009036879055202007
maze_n200_s2,39,0,roi,0.0005282447673380375
maze_n200_s2,39,1,persistent_frontier,0.0008648890070617199
maze_n200_s2,39,2,host_frontier,0.0012822384014725685
maze_n200_s2,40,0,persistent_frontier,0.0008276579901576042
maze_n200_s2,40,1,roi,0.00048360880464315414
maze_n200_s2,40,2,host_frontier,0.0013635349459946156
maze_n200_s2,41,0,persistent_frontier,0.0008805859833955765
maze_n200_s2,41,1,host_frontier,0.0013359417207539082
maze_n200_s2,41,2,roi,0.0005444586277008057
maze_n200_s2,42,0,host_frontier,0.001346510834991932
maze_n200_s2,42,1,persistent_frontier,0.0008761482313275337
maze_n200_s2,42,2,roi,0.0003485879860818386
maze_n200_s2,43,0,host_frontier,0.0011480511166155338
maze_n200_s2,43,1,roi,0.0004925057291984558
maze_n200_s2,43,2,persistent_frontier,0.0008690529502928257
maze_n200_s2,44,0,roi,0.0005379943177103996
maze_n200_s2,44,1,host_frontier,0.0013610953465104103
maze_n200_s2,44,2,persistent_frontier,0.0008953879587352276
maze_n200_s2,45,0,roi,0.0005242535844445229
maze_n200_s2,45,1,persistent_frontier,0.000880745705217123
maze_n200_s2,45,2,host_frontier,0.0013590259477496147
maze_n200_s2,46,0,persistent_frontier,0.0008645737543702126
maze_n200_s2,46,1,roi,0.000487735029309988
maze_n200_s2,46,2,host_frontier,0.000944934319704771
maze_n200_s2,47,0,persistent_frontier,0.0008208951912820339
maze_n200_s2,47,1,host_frontier,0.0013199667446315289
maze_n200_s2,47,2,roi,0.0005163107998669147
maze_n200_s2,48,0,host_frontier,0.0012577171437442303
maze_n200_s2,48,1,persistent_frontier,0.0006794077344238758
maze_n200_s2,48,2,roi,0.00025166384875774384
maze_n200_s2,49,0,host_frontier,0.0007060258649289608
maze_n200_s2,49,1,roi,0.0002415589988231659
maze_n200_s2,49,2,persistent_frontier,0.00044090021401643753
maze_n200_s2,50,0,roi,0.00023949891328811646
maze_n200_s2,50,1,host_frontier,0.0006744479760527611
maze_n200_s2,50,2,persistent_frontier,0.00043810391798615456
maze_n800_s1,0,0,host_frontier,0.0003073969855904579
maze_n800_s1,0,1,persistent_frontier,0.00031330669298768044
maze_n800_s1,0,2,roi,0.00018721772357821465
maze_n800_s1,1,0,host_frontier,0.00030653318390250206
maze_n800_s1,1,1,roi,0.00017899274826049805
maze_n800_s1,1,2,persistent_frontier,0.0003115902654826641
maze_n800_s1,2,0,roi,0.00018517207354307175
maze_n800_s1,2,1,host_frontier,0.00029411492869257927
maze_n800_s1,2,2,persistent_frontier,0.0003128401003777981
maze_n800_s1,3,0,roi,0.00018770666792988777
maze_n800_s1,3,1,persistent_frontier,0.0003074789419770241
maze_n800_s1,3,2,host_frontier,0.0003002351149916649
maze_n800_s1,4,0,persistent_frontier,0.0003055413253605366
maze_n800_s1,4,1,roi,0.0001865718513727188
maze_n800_s1,4,2,host_frontier,0.00030152779072523117
maze_n800_s1,5,0,persistent_frontier,0.00035773497074842453
maze_n800_s1,5,1,host_frontier,0.0002961317077279091
maze_n800_s1,5,2,roi,0.00019074883311986923
maze_n800_s1,6,0,host_frontier,0.00030165398493409157
maze_n800_s1,6,1,persistent_frontier,0.00030458997935056686
maze_n800_s1,6,2,roi,0.00031890394166111946
maze_n800_s1,7,0,host_frontier,0.0006855619139969349
maze_n800_s1,7,1,roi,0.0004964778199791908
maze_n800_s1,7,2,persistent_frontier,0.0006710309535264969
maze_n800_s1,8,0,roi,0.00045853620395064354
maze_n800_s1,8,1,host_frontier,0.0006148149259388447
maze_n800_s1,8,2,persistent_frontier,0.0006192871369421482
maze_n800_s1,9,0,roi,0.00043204473331570625
maze_n800_s1,9,1,persistent_frontier,0.0005733007565140724
maze_n800_s1,9,2,host_frontier,0.0005298671312630177
maze_n800_s1,10,0,persistent_frontier,0.0005485760048031807
maze_n800_s1,10,1,roi,0.001084471121430397
maze_n800_s1,10,2,host_frontier,0.0015893448144197464
maze_n800_s1,11,0,persistent_frontier,0.0015027150511741638
maze_n800_s1,11,1,host_frontier,0.0014671501703560352
maze_n800_s1,11,2,roi,0.004835288040339947
maze_n800_s1,12,0,host_frontier,0.0026516029611229897
maze_n800_s1,12,1,persistent_frontier,0.0009319838136434555
maze_n800_s1,12,2,roi,0.000638140831142664
maze_n800_s1,13,0,host_frontier,0.0007929871790111065
maze_n800_s1,13,1,roi,0.0006198720075190067
maze_n800_s1,13,2,persistent_frontier,0.0008333520963788033
maze_n800_s1,14,0,roi,0.0005388762801885605
maze_n800_s1,14,1,host_frontier,0.0009481268934905529
maze_n800_s1,14,2,persistent_frontier,0.0013767429627478123
maze_n800_s1,15,0,roi,0.005475801881402731
maze_n800_s1,15,1,persistent_frontier,0.0008848118595778942
maze_n800_s1,15,2,host_frontier,0.00031337514519691467
maze_n800_s1,16,0,persistent_frontier,0.0004540742374956608
maze_n800_s1,16,1,roi,0.0005181520245969296
maze_n800_s1,16,2,host_frontier,0.0006694779731333256
maze_n800_s1,17,0,persistent_frontier,0.0007300418801605701
maze_n800_s1,17,1,host_frontier,0.0006862618029117584
maze_n800_s1,17,2,roi,0.0005135452374815941
maze_n800_s1,18,0,host_frontier,0.0006817150861024857
maze_n800_s1,18,1,persistent_frontier,0.0006314660422503948
maze_n800_s1,18,2,roi,0.0004415190778672695
maze_n800_s1,19,0,host_frontier,0.0002880217507481575
maze_n800_s1,19,1,roi,0.00017595337703824043
maze_n800_s1,19,2,persistent_frontier,0.00030522095039486885
maze_n800_s1,20,0,roi,0.0001731771044433117
maze_n800_s1,20,1,host_frontier,0.00029176706448197365
maze_n800_s1,20,2,persistent_frontier,0.0003002109006047249
maze_n800_s1,21,0,roi,0.00017830124124884605
maze_n800_s1,21,1,persistent_frontier,0.00031421706080436707
maze_n800_s1,21,2,host_frontier,0.0002973410300910473
maze_n800_s1,22,0,persistent_frontier,0.00030123908072710037
maze_n800_s1,22,1,roi,0.00017506815493106842
maze_n800_s1,22,2,host_frontier,0.00028996216133236885
maze_n800_s1,23,0,persistent_frontier,0.00030201300978660583
maze_n800_s1,23,1,host_frontier,0.0002953070215880871
maze_n800_s1,23,2,roi,0.0001781596802175045
maze_n800_s1,24,0,host_frontier,0.0002893381752073765
maze_n800_s1,24,1,persistent_frontier,0.0002992907539010048
maze_n800_s1,24,2,roi,0.00017228303477168083
maze_n800_s1,25,0,host_frontier,0.00030120043084025383
maze_n800_s1,25,1,roi,0.00017895502969622612
maze_n800_s1,25,2,persistent_frontier,0.0003072391264140606
maze_n800_s1,26,0,roi,0.00017499597743153572
maze_n800_s1,26,1,host_frontier,0.00028874585404992104
maze_n800_s1,26,2,persistent_frontier,0.00030809687450528145
maze_n800_s1,27,0,roi,0.00017369771376252174
maze_n800_s1,27,1,persistent_frontier,0.0003005717881023884
maze_n800_s1,27,2,host_frontier,0.0002995370887219906
maze_n800_s1,28,0,persistent_frontier,0.0003007962368428707
maze_n800_s1,28,1,roi,0.00017314311116933823
maze_n800_s1,28,2,host_frontier,0.00028728367760777473
maze_n800_s1,29,0,persistent_frontier,0.0003009391948580742
maze_n800_s1,29,1,host_frontier,0.0002963920123875141
maze_n800_s1,29,2,roi,0.0001753251999616623
maze_n800_s1,30,0,host_frontier,0.0003033522516489029
maze_n800_s1,30,1,persistent_frontier,0.0003066123463213444
maze_n800_s1,30,2,roi,0.00017686188220977783
maze_n800_s1,31,0,host_frontier,0.00030252616852521896
maze_n800_s1,31,1,roi,0.00017121294513344765
maze_n800_s1,31,2,persistent_frontier,0.00030809082090854645
maze_n800_s1,32,0,roi,0.0001716548576951027
maze_n800_s1,32,1,host_frontier,0.00029513705521821976
maze_n800_s1,32,2,persistent_frontier,0.0003006458282470703
maze_n800_s1,33,0,roi,0.00017201993614435196
maze_n800_s1,33,1,persistent_frontier,0.0002991589717566967
maze_n800_s1,33,2,host_frontier,0.00029952311888337135
maze_n800_s1,34,0,persistent_frontier,0.0003330991603434086
maze_n800_s1,34,1,roi,0.00017629098147153854
maze_n800_s1,34,2,host_frontier,0.0002856450155377388
maze_n800_s1,35,0,persistent_frontier,0.0003063557669520378
maze_n800_s1,35,1,host_frontier,0.00029904022812843323
maze_n800_s1,35,2,roi,0.00017607398331165314
maze_n800_s1,36,0,host_frontier,0.00029205111786723137
maze_n800_s1,36,1,persistent_frontier,0.00030054012313485146
maze_n800_s1,36,2,roi,0.0001860777847468853
maze_n800_s1,37,0,host_frontier,0.00029730191454291344
maze_n800_s1,37,1,roi,0.00017115985974669456
maze_n800_s1,37,2,persistent_frontier,0.00030582910403609276
maze_n800_s1,38,0,roi,0.00017151562497019768
maze_n800_s1,38,1,host_frontier,0.00028292834758758545
maze_n800_s1,38,2,persistent_frontier,0.00030280277132987976
maze_n800_s1,39,0,roi,0.00018139276653528214
maze_n800_s1,39,1,persistent_frontier,0.00030087679624557495
maze_n800_s1,39,2,host_frontier,0.00029453495517373085
maze_n800_s1,40,0,persistent_frontier,0.0003053750842809677
maze_n800_s1,40,1,roi,0.00017879623919725418
maze_n800_s1,40,2,host_frontier,0.00030093127861618996
maze_n800_s1,41,0,persistent_frontier,0.0003032619133591652
maze_n800_s1,41,1,host_frontier,0.00029002595692873
maze_n800_s1,41,2,roi,0.0001855362206697464
maze_n800_s1,42,0,host_frontier,0.00028961896896362305
maze_n800_s1,42,1,persistent_frontier,0.00029931915923953056
maze_n800_s1,42,2,roi,0.00017334986478090286
maze_n800_s1,43,0,host_frontier,0.00029673101380467415
maze_n800_s1,43,1,roi,0.0001742602325975895
maze_n800_s1,43,2,persistent_frontier,0.0005867360159754753
maze_n800_s1,44,0,roi,0.0004938333295285702
maze_n800_s1,44,1,host_frontier,0.0006603538058698177
maze_n800_s1,44,2,persistent_frontier,0.0007244786247611046
maze_n800_s1,45,0,roi,0.0005003740079700947
maze_n800_s1,45,1,persistent_frontier,0.000680041965097189
maze_n800_s1,45,2,host_frontier,0.00065230717882514
maze_n800_s1,46,0,persistent_frontier,0.0006744549609720707
maze_n800_s1,46,1,roi,0.000773278996348381
maze_n800_s1,46,2,host_frontier,0.005178247112780809
maze_n800_s1,47,0,persistent_frontier,0.0013248058967292309
maze_n800_s1,47,1,host_frontier,0.0006641009822487831
maze_n800_s1,47,2,roi,0.0005043661221861839
maze_n800_s1,48,0,host_frontier,0.0006499369628727436
maze_n800_s1,48,1,persistent_frontier,0.0007339250296354294
maze_n800_s1,48,2,roi,0.0004936838522553444
maze_n800_s1,49,0,host_frontier,0.0006422107107937336
maze_n800_s1,49,1,roi,0.00047164782881736755
maze_n800_s1,49,2,persistent_frontier,0.001603493932634592
maze_n800_s1,50,0,roi,0.0007373271510004997
maze_n800_s1,50,1,host_frontier,0.004499874077737331
maze_n800_s1,50,2,persistent_frontier,0.001961369067430496
maze_n800_s2,0,0,host_frontier,0.0005292510613799095
maze_n800_s2,0,1,persistent_frontier,0.000393665861338377
maze_n800_s2,0,2,roi,0.00020991498604416847
maze_n800_s2,1,0,host_frontier,0.000509840901941061
maze_n800_s2,1,1,roi,0.00020764581859111786
maze_n800_s2,1,2,persistent_frontier,0.00039150193333625793
maze_n800_s2,2,0,roi,0.0002094591036438942
maze_n800_s2,2,1,host_frontier,0.0005120588466525078
maze_n800_s2,2,2,persistent_frontier,0.0003981362096965313
maze_n800_s2,3,0,roi,0.0002155788242816925
maze_n800_s2,3,1,persistent_frontier,0.0003964817151427269
maze_n800_s2,3,2,host_frontier,0.0005309670232236385
maze_n800_s2,4,0,persistent_frontier,0.00038579804822802544
maze_n800_s2,4,1,roi,0.00021428614854812622
maze_n800_s2,4,2,host_frontier,0.0005234559066593647
maze_n800_s2,5,0,persistent_frontier,0.00039230380207300186
maze_n800_s2,5,1,host_frontier,0.0005128760822117329
maze_n800_s2,5,2,roi,0.00020993221551179886
maze_n800_s2,6,0,host_frontier,0.0005096518434584141
maze_n800_s2,6,1,persistent_frontier,0.00038427114486694336
maze_n800_s2,6,2,roi,0.00020994199439883232
maze_n800_s2,7,0,host_frontier,0.0005125747993588448
maze_n800_s2,7,1,roi,0.00021360395476222038
maze_n800_s2,7,2,persistent_frontier,0.0004046331159770489
maze_n800_s2,8,0,roi,0.00020823907107114792
maze_n800_s2,8,1,host_frontier,0.0005090455524623394
maze_n800_s2,8,2,persistent_frontier,0.0003898139111697674
maze_n800_s2,9,0,roi,0.00021179486066102982
maze_n800_s2,9,1,persistent_frontier,0.00038747861981391907
maze_n800_s2,9,2,host_frontier,0.0005090781487524509
maze_n800_s2,10,0,persistent_frontier,0.0003861798904836178
maze_n800_s2,10,1,roi,0.0002104099839925766
maze_n800_s2,10,2,host_frontier,0.0005099908448755741
maze_n800_s2,11,0,persistent_frontier,0.0003899489529430866
maze_n800_s2,11,1,host_frontier,0.0005106907337903976
maze_n800_s2,11,2,roi,0.00021773390471935272
maze_n800_s2,12,0,host_frontier,0.0005179131403565407
maze_n800_s2,12,1,persistent_frontier,0.00039319973438978195
maze_n800_s2,12,2,roi,0.00021340837702155113
maze_n800_s2,13,0,host_frontier,0.0005051731131970882
maze_n800_s2,13,1,roi,0.00020944327116012573
maze_n800_s2,13,2,persistent_frontier,0.0003967960365116596
maze_n800_s2,14,0,roi,0.00020980089902877808
maze_n800_s2,14,1,host_frontier,0.0005185459740459919
maze_n800_s2,14,2,persistent_frontier,0.0003952719271183014
maze_n800_s2,15,0,roi,0.00021056411787867546
maze_n800_s2,15,1,persistent_frontier,0.00039146002382040024
maze_n800_s2,15,2,host_frontier,0.0005210321396589279
maze_n800_s2,16,0,persistent_frontier,0.0003875838592648506
maze_n800_s2,16,1,roi,0.00020922580733895302
maze_n800_s2,16,2,host_frontier,0.0005073384381830692
maze_n800_s2,17,0,persistent_frontier,0.00039086584001779556
maze_n800_s2,17,1,host_frontier,0.0005112779326736927
maze_n800_s2,17,2,roi,0.00021043512970209122
maze_n800_s2,18,0,host_frontier,0.0005041719414293766
maze_n800_s2,18,1,persistent_frontier,0.0003874492831528187
maze_n800_s2,18,2,roi,0.0002084001898765564
maze_n800_s2,19,0,host_frontier,0.0005126697942614555
maze_n800_s2,19,1,roi,0.00021151592954993248
maze_n800_s2,19,2,persistent_frontier,0.000400276854634285
maze_n800_s2,20,0,roi,0.00021084491163492203
maze_n800_s2,20,1,host_frontier,0.0005061379633843899
maze_n800_s2,20,2,persistent_frontier,0.0004831659607589245
maze_n800_s2,21,0,roi,0.00035869237035512924
maze_n800_s2,21,1,persistent_frontier,0.0007299636490643024
maze_n800_s2,21,2,host_frontier,0.0009390320628881454
maze_n800_s2,22,0,persistent_frontier,0.0006140922196209431
maze_n800_s2,22,1,roi,0.0003375583328306675
maze_n800_s2,22,2,host_frontier,0.000774783082306385
maze_n800_s2,23,0,persistent_frontier,0.0006471211090683937
maze_n800_s2,23,1,host_frontier,0.0007329061627388
maze_n800_s2,23,2,roi,0.0003690221346914768
maze_n800_s2,24,0,host_frontier,0.0008536935783922672
maze_n800_s2,24,1,persistent_frontier,0.0007331571541726589
maze_n800_s2,24,2,roi,0.0004734420217573643
maze_n800_s2,25,0,host_frontier,0.0037288088351488113
maze_n800_s2,25,1,roi,0.000493382103741169
maze_n800_s2,25,2,persistent_frontier,0.0007856292650103569
maze_n800_s2,26,0,roi,0.0004999968223273754
maze_n800_s2,26,1,host_frontier,0.0010706703178584576
maze_n800_s2,26,2,persistent_frontier,0.000837481115013361
maze_n800_s2,27,0,roi,0.000486571341753006
maze_n800_s2,27,1,persistent_frontier,0.0007896646857261658
maze_n800_s2,27,2,host_frontier,0.0009760493412613869
maze_n800_s2,28,0,persistent_frontier,0.0020372718572616577
maze_n800_s2,28,1,roi,0.0008686771616339684
maze_n800_s2,28,2,host_frontier,0.002348917070776224
maze_n800_s2,29,0,persistent_frontier,0.0008352939039468765
maze_n800_s2,29,1,host_frontier,0.0009702262468636036
maze_n800_s2,29,2,roi,0.0008154693059623241
maze_n800_s2,30,0,host_frontier,0.0020237891003489494
maze_n800_s2,30,1,persistent_frontier,0.0010523786768317223
maze_n800_s2,30,2,roi,0.00058791134506464
maze_n800_s2,31,0,host_frontier,0.0012685563415288925
maze_n800_s2,31,1,roi,0.0004791179671883583
maze_n800_s2,31,2,persistent_frontier,0.00105757312849164
maze_n800_s2,32,0,roi,0.00048270681872963905
maze_n800_s2,32,1,host_frontier,0.0012054620310664177
maze_n800_s2,32,2,persistent_frontier,0.0009513618424534798
maze_n800_s2,33,0,roi,0.0004829070530831814
maze_n800_s2,33,1,persistent_frontier,0.0009737438522279263
maze_n800_s2,33,2,host_frontier,0.0020614531822502613
maze_n800_s2,34,0,persistent_frontier,0.0007807458750903606
maze_n800_s2,34,1,roi,0.0004951176233589649
maze_n800_s2,34,2,host_frontier,0.0009627430699765682
maze_n800_s2,35,0,persistent_frontier,0.0017082560807466507
maze_n800_s2,35,1,host_frontier,0.0009660660289227962
maze_n800_s2,35,2,roi,0.0004377863369882107
maze_n800_s2,36,0,host_frontier,0.001194056123495102
maze_n800_s2,36,1,persistent_frontier,0.0008104001171886921
maze_n800_s2,36,2,roi,0.0005251830443739891
maze_n800_s2,37,0,host_frontier,0.0010598991066217422
maze_n800_s2,37,1,roi,0.0005181990563869476
maze_n800_s2,37,2,persistent_frontier,0.0008707810193300247
maze_n800_s2,38,0,roi,0.0005040867254137993
maze_n800_s2,38,1,host_frontier,0.0010615852661430836
maze_n800_s2,38,2,persistent_frontier,0.0004058997146785259
maze_n800_s2,39,0,roi,0.00021657487377524376
maze_n800_s2,39,1,persistent_frontier,0.00038973381742835045
maze_n800_s2,39,2,host_frontier,0.000513903796672821
maze_n800_s2,40,0,persistent_frontier,0.00038845185190439224
maze_n800_s2,40,1,roi,0.00021402211859822273
maze_n800_s2,40,2,host_frontier,0.0005093072541058064
maze_n800_s2,41,0,persistent_frontier,0.0003883605822920799
maze_n800_s2,41,1,host_frontier,0.0005087130703032017
maze_n800_s2,41,2,roi,0.00021184328943490982
maze_n800_s2,42,0,host_frontier,0.0005110348574817181
maze_n800_s2,42,1,persistent_frontier,0.0003865840844810009
maze_n800_s2,42,2,roi,0.00020669400691986084
maze_n800_s2,43,0,host_frontier,0.0005039726383984089
maze_n800_s2,43,1,roi,0.00020973803475499153
maze_n800_s2,43,2,persistent_frontier,0.0003861379809677601
maze_n800_s2,44,0,roi,0.00020891008898615837
maze_n800_s2,44,1,host_frontier,0.0005056108348071575
maze_n800_s2,44,2,persistent_frontier,0.0003839139826595783
maze_n800_s2,45,0,roi,0.00020791636779904366
maze_n800_s2,45,1,persistent_frontier,0.00039132311940193176
maze_n800_s2,45,2,host_frontier,0.0005144202150404453
maze_n800_s2,46,0,persistent_frontier,0.0003879987634718418
maze_n800_s2,46,1,roi,0.00020997598767280579
maze_n800_s2,46,2,host_frontier,0.0005124928429722786
maze_n800_s2,47,0,persistent_frontier,0.00039318110793828964
maze_n800_s2,47,1,host_frontier,0.0005031940527260303
maze_n800_s2,47,2,roi,0.0002167760394513607
maze_n800_s2,48,0,host_frontier,0.0005111987702548504
maze_n800_s2,48,1,persistent_frontier,0.00043219607323408127
maze_n800_s2,48,2,roi,0.00020938273519277573
maze_n800_s2,49,0,host_frontier,0.000502303708344698
maze_n800_s2,49,1,roi,0.00021055573597550392
maze_n800_s2,49,2,persistent_frontier,0.0003894530236721039
maze_n800_s2,50,0,roi,0.00020774593576788902
maze_n800_s2,50,1,host_frontier,0.0005036969669163227
maze_n800_s2,50,2,persistent_frontier,0.00038590189069509506
bentheimer_crop_n200_s1,0,0,host_frontier,0.000478214118629694
bentheimer_crop_n200_s1,0,1,persistent_frontier,0.00036121299490332603
bentheimer_crop_n200_s1,0,2,roi,0.00019007129594683647
bentheimer_crop_n200_s1,1,0,host_frontier,0.0004514511674642563
bentheimer_crop_n200_s1,1,1,roi,0.00018366798758506775
bentheimer_crop_n200_s1,1,2,persistent_frontier,0.0003515179269015789
bentheimer_crop_n200_s1,2,0,roi,0.00018127961084246635
bentheimer_crop_n200_s1,2,1,host_frontier,0.00044564809650182724
bentheimer_crop_n200_s1,2,2,persistent_frontier,0.0003460189327597618
bentheimer_crop_n200_s1,3,0,roi,0.00018268078565597534
bentheimer_crop_n200_s1,3,1,persistent_frontier,0.0003469032235443592
bentheimer_crop_n200_s1,3,2,host_frontier,0.00044647790491580963
bentheimer_crop_n200_s1,4,0,persistent_frontier,0.0003513130359351635
bentheimer_crop_n200_s1,4,1,roi,0.0002027498558163643
bentheimer_crop_n200_s1,4,2,host_frontier,0.0004530693404376507
bentheimer_crop_n200_s1,5,0,persistent_frontier,0.0003494471311569214
bentheimer_crop_n200_s1,5,1,host_frontier,0.00044567231088876724
bentheimer_crop_n200_s1,5,2,roi,0.00018929969519376755
bentheimer_crop_n200_s1,6,0,host_frontier,0.0004518600180745125
bentheimer_crop_n200_s1,6,1,persistent_frontier,0.0003526010550558567
bentheimer_crop_n200_s1,6,2,roi,0.00018797069787979126
bentheimer_crop_n200_s1,7,0,host_frontier,0.00045008398592472076
bentheimer_crop_n200_s1,7,1,roi,0.00018332293257117271
bentheimer_crop_n200_s1,7,2,persistent_frontier,0.00036097876727581024
bentheimer_crop_n200_s1,8,0,roi,0.0001912941224873066
bentheimer_crop_n200_s1,8,1,host_frontier,0.00045424094423651695
bentheimer_crop_n200_s1,8,2,persistent_frontier,0.00035813217982649803
bentheimer_crop_n200_s1,9,0,roi,0.00018773507326841354
bentheimer_crop_n200_s1,9,1,persistent_frontier,0.00034893862903118134
bentheimer_crop_n200_s1,9,2,host_frontier,0.0004488397389650345
bentheimer_crop_n200_s1,10,0,persistent_frontier,0.0003452422097325325
bentheimer_crop_n200_s1,10,1,roi,0.000183924101293087
bentheimer_crop_n200_s1,10,2,host_frontier,0.0004496048204600811
bentheimer_crop_n200_s1,11,0,persistent_frontier,0.00035031232982873917
bentheimer_crop_n200_s1,11,1,host_frontier,0.00045156991109251976
bentheimer_crop_n200_s1,11,2,roi,0.00018668873235583305
bentheimer_crop_n200_s1,12,0,host_frontier,0.00047075795009732246
bentheimer_crop_n200_s1,12,1,persistent_frontier,0.0003593149594962597
bentheimer_crop_n200_s1,12,2,roi,0.00019401311874389648
bentheimer_crop_n200_s1,13,0,host_frontier,0.00045217201113700867
bentheimer_crop_n200_s1,13,1,roi,0.0001851748675107956
bentheimer_crop_n200_s1,13,2,persistent_frontier,0.0003512040711939335
bentheimer_crop_n200_s1,14,0,roi,0.00018107518553733826
bentheimer_crop_n200_s1,14,1,host_frontier,0.00072516780346632
bentheimer_crop_n200_s1,14,2,persistent_frontier,0.0007258611731231213
bentheimer_crop_n200_s1,15,0,roi,0.0004540150985121727
bentheimer_crop_n200_s1,15,1,persistent_frontier,0.000732209999114275
bentheimer_crop_n200_s1,15,2,host_frontier,0.006830696947872639
bentheimer_crop_n200_s1,16,0,persistent_frontier,0.0016552973538637161
bentheimer_crop_n200_s1,16,1,roi,0.0005168230272829533
bentheimer_crop_n200_s1,16,2,host_frontier,0.0008897567167878151
bentheimer_crop_n200_s1,17,0,persistent_frontier,0.0007621846161782742
bentheimer_crop_n200_s1,17,1,host_frontier,0.0005164779722690582
bentheimer_crop_n200_s1,17,2,roi,0.0002488279715180397
bentheimer_crop_n200_s1,18,0,host_frontier,0.0008892258629202843
bentheimer_crop_n200_s1,18,1,persistent_frontier,0.000831209123134613
bentheimer_crop_n200_s1,18,2,roi,0.0005987877957522869
bentheimer_crop_n200_s1,19,0,host_frontier,0.0008417530916631222
bentheimer_crop_n200_s1,19,1,roi,0.00047949887812137604
bentheimer_crop_n200_s1,19,2,persistent_frontier,0.0007776757702231407
bentheimer_crop_n200_s1,20,0,roi,0.0050545381382107735
bentheimer_crop_n200_s1,20,1,host_frontier,0.0012481450103223324
bentheimer_crop_n200_s1,20,2,persistent_frontier,0.0007161572575569153
bentheimer_crop_n200_s1,21,0,roi,0.0005313851870596409
bentheimer_crop_n200_s1,21,1,persistent_frontier,0.000769350677728653
bentheimer_crop_n200_s1,21,2,host_frontier,0.0009645279496908188
bentheimer_crop_n200_s1,22,0,persistent_frontier,0.0007978207431733608
bentheimer_crop_n200_s1,22,1,roi,0.0005006338469684124
bentheimer_crop_n200_s1,22,2,host_frontier,0.0008057910017669201
bentheimer_crop_n200_s1,23,0,persistent_frontier,0.0004754341207444668
bentheimer_crop_n200_s1,23,1,host_frontier,0.00044343993067741394
bentheimer_crop_n200_s1,23,2,roi,0.0001905430108308792
bentheimer_crop_n200_s1,24,0,host_frontier,0.0004570307210087776
bentheimer_crop_n200_s1,24,1,persistent_frontier,0.00035448698326945305
bentheimer_crop_n200_s1,24,2,roi,0.00018949294462800026
bentheimer_crop_n200_s1,25,0,host_frontier,0.0004340759478509426
bentheimer_crop_n200_s1,25,1,roi,0.00018474506214261055
bentheimer_crop_n200_s1,25,2,persistent_frontier,0.00035275891423225403
bentheimer_crop_n200_s1,26,0,roi,0.00018272222951054573
bentheimer_crop_n200_s1,26,1,host_frontier,0.00045334361493587494
bentheimer_crop_n200_s1,26,2,persistent_frontier,0.0003564506769180298
bentheimer_crop_n200_s1,27,0,roi,0.0001865047961473465
bentheimer_crop_n200_s1,27,1,persistent_frontier,0.00035575591027736664
bentheimer_crop_n200_s1,27,2,host_frontier,0.0004433039575815201
bentheimer_crop_n200_s1,28,0,persistent_frontier,0.00034649716690182686
bentheimer_crop_n200_s1,28,1,roi,0.00018577603623270988
bentheimer_crop_n200_s1,28,2,host_frontier,0.00043824082240462303
bentheimer_crop_n200_s1,29,0,persistent_frontier,0.0003469032235443592
bentheimer_crop_n200_s1,29,1,host_frontier,0.00044005829840898514
bentheimer_crop_n200_s1,29,2,roi,0.00018019694834947586
bentheimer_crop_n200_s1,30,0,host_frontier,0.0004397961311042309
bentheimer_crop_n200_s1,30,1,persistent_frontier,0.00034276489168405533
bentheimer_crop_n200_s1,30,2,roi,0.00018059974536299706
bentheimer_crop_n200_s1,31,0,host_frontier,0.0004528011195361614
bentheimer_crop_n200_s1,31,1,roi,0.0001788930967450142
bentheimer_crop_n200_s1,31,2,persistent_frontier,0.000345693901181221
bentheimer_crop_n200_s1,32,0,roi,0.0001812819391489029
bentheimer_crop_n200_s1,32,1,host_frontier,0.0004472173750400543
bentheimer_crop_n200_s1,32,2,persistent_frontier,0.00034396303817629814
bentheimer_crop_n200_s1,33,0,roi,0.0001844773069024086
bentheimer_crop_n200_s1,33,1,persistent_frontier,0.00034657400101423264
bentheimer_crop_n200_s1,33,2,host_frontier,0.00045497994869947433
bentheimer_crop_n200_s1,34,0,persistent_frontier,0.00034522777423262596
bentheimer_crop_n200_s1,34,1,roi,0.0001825280487537384
bentheimer_crop_n200_s1,34,2,host_frontier,0.0004498749040067196
bentheimer_crop_n200_s1,35,0,persistent_frontier,0.00035048509016633034
bentheimer_crop_n200_s1,35,1,host_frontier,0.0004446059465408325
bentheimer_crop_n200_s1,35,2,roi,0.00017991801723837852
bentheimer_crop_n200_s1,36,0,host_frontier,0.0004506292752921581
bentheimer_crop_n200_s1,36,1,persistent_frontier,0.0003466969355940819
bentheimer_crop_n200_s1,36,2,roi,0.00017990684136748314
bentheimer_crop_n200_s1,37,0,host_frontier,0.0004542241804301739
bentheimer_crop_n200_s1,37,1,roi,0.00018210895359516144
bentheimer_crop_n200_s1,37,2,persistent_frontier,0.00035393889993429184
bentheimer_crop_n200_s1,38,0,roi,0.00018589990213513374
bentheimer_crop_n200_s1,38,1,host_frontier,0.00044956523925065994
bentheimer_crop_n200_s1,38,2,persistent_frontier,0.000348465982824564
bentheimer_crop_n200_s1,39,0,roi,0.00018804799765348434
bentheimer_crop_n200_s1,39,1,persistent_frontier,0.00034561706706881523
bentheimer_crop_n200_s1,39,2,host_frontier,0.0004532760940492153
bentheimer_crop_n200_s1,40,0,persistent_frontier,0.00034375302493572235
bentheimer_crop_n200_s1,40,1,roi,0.00018307100981473923
bentheimer_crop_n200_s1,40,2,host_frontier,0.0004511447623372078
bentheimer_crop_n200_s1,41,0,persistent_frontier,0.0003482340835034847
bentheimer_crop_n200_s1,41,1,host_frontier,0.00045677507296204567
bentheimer_crop_n200_s1,41,2,roi,0.00018505286425352097
bentheimer_crop_n200_s1,42,0,host_frontier,0.0005657989531755447
bentheimer_crop_n200_s1,42,1,persistent_frontier,0.0008081109263002872
bentheimer_crop_n200_s1,42,2,roi,0.00046614836901426315
bentheimer_crop_n200_s1,43,0,host_frontier,0.0008515659719705582
bentheimer_crop_n200_s1,43,1,roi,0.0004749228246510029
bentheimer_crop_n200_s1,43,2,persistent_frontier,0.008421068079769611
bentheimer_crop_n200_s1,44,0,roi,0.0005104606971144676
bentheimer_crop_n200_s1,44,1,host_frontier,0.0008981800638139248
bentheimer_crop_n200_s1,44,2,persistent_frontier,0.0007618889212608337
bentheimer_crop_n200_s1,45,0,roi,0.000484514981508255
bentheimer_crop_n200_s1,45,1,persistent_frontier,0.0007150839082896709
bentheimer_crop_n200_s1,45,2,host_frontier,0.0008925818838179111
bentheimer_crop_n200_s1,46,0,persistent_frontier,0.0008416939526796341
bentheimer_crop_n200_s1,46,1,roi,0.0006876229308545589
bentheimer_crop_n200_s1,46,2,host_frontier,0.004260296933352947
bentheimer_crop_n200_s1,47,0,persistent_frontier,0.0019524400122463703
bentheimer_crop_n200_s1,47,1,host_frontier,0.0007752450183033943
bentheimer_crop_n200_s1,47,2,roi,0.0001947479322552681
bentheimer_crop_n200_s1,48,0,host_frontier,0.0006878161802887917
bentheimer_crop_n200_s1,48,1,persistent_frontier,0.0007741488516330719
bentheimer_crop_n200_s1,48,2,roi,0.0005104043520987034
bentheimer_crop_n200_s1,49,0,host_frontier,0.0009247018024325371
bentheimer_crop_n200_s1,49,1,roi,0.0005160709843039513
bentheimer_crop_n200_s1,49,2,persistent_frontier,0.0007918630726635456
bentheimer_crop_n200_s1,50,0,roi,0.0003570760600268841
bentheimer_crop_n200_s1,50,1,host_frontier,0.0008135940879583359
bentheimer_crop_n200_s1,50,2,persistent_frontier,0.00035104900598526
bentheimer_crop_n200_s2,0,0,host_frontier,0.0008245841600000858
bentheimer_crop_n200_s2,0,1,persistent_frontier,0.00048475805670022964
bentheimer_crop_n200_s2,0,2,roi,0.00032634707167744637
bentheimer_crop_n200_s2,1,0,host_frontier,0.0008224239572882652
bentheimer_crop_n200_s2,1,1,roi,0.00032009324058890343
bentheimer_crop_n200_s2,1,2,persistent_frontier,0.00048323022201657295
bentheimer_crop_n200_s2,2,0,roi,0.00031995587050914764
bentheimer_crop_n200_s2,2,1,host_frontier,0.0008192961104214191
bentheimer_crop_n200_s2,2,2,persistent_frontier,0.0004814271815121174
bentheimer_crop_n200_s2,3,0,roi,0.00032446300610899925
bentheimer_crop_n200_s2,3,1,persistent_frontier,0.0004898281767964363
bentheimer_crop_n200_s2,3,2,host_frontier,0.0008308370597660542
bentheimer_crop_n200_s2,4,0,persistent_frontier,0.0004809601232409477
bentheimer_crop_n200_s2,4,1,roi,0.00032529979944229126
bentheimer_crop_n200_s2,4,2,host_frontier,0.000815278384834528
bentheimer_crop_n200_s2,5,0,persistent_frontier,0.0004791771061718464
bentheimer_crop_n200_s2,5,1,host_frontier,0.0008036489598453045
bentheimer_crop_n200_s2,5,2,roi,0.0003193761222064495
bentheimer_crop_n200_s2,6,0,host_frontier,0.0008126781322062016
bentheimer_crop_n200_s2,6,1,persistent_frontier,0.0004791188985109329
bentheimer_crop_n200_s2,6,2,roi,0.00032406486570835114
bentheimer_crop_n200_s2,7,0,host_frontier,0.0008166860789060593
bentheimer_crop_n200_s2,7,1,roi,0.00031929509714245796
bentheimer_crop_n200_s2,7,2,persistent_frontier,0.0009417128749191761
bentheimer_crop_n200_s2,8,0,roi,0.0006050281226634979
bentheimer_crop_n200_s2,8,1,host_frontier,0.0016138297505676746
bentheimer_crop_n200_s2,8,2,persistent_frontier,0.0009321798570454121
bentheimer_crop_n200_s2,9,0,roi,0.0006015249527990818
bentheimer_crop_n200_s2,9,1,persistent_frontier,0.0009322371333837509
bentheimer_crop_n200_s2,9,2,host_frontier,0.0016300296410918236
bentheimer_crop_n200_s2,10,0,persistent_frontier,0.0009420346468687057
bentheimer_crop_n200_s2,10,1,roi,0.0005759499035775661
bentheimer_crop_n200_s2,10,2,host_frontier,0.001566214021295309
bentheimer_crop_n200_s2,11,0,persistent_frontier,0.0009080399759113789
bentheimer_crop_n200_s2,11,1,host_frontier,0.0016154511831700802
bentheimer_crop_n200_s2,11,2,roi,0.0006019468419253826
bentheimer_crop_n200_s2,12,0,host_frontier,0.0015868982300162315
bentheimer_crop_n200_s2,12,1,persistent_frontier,0.0009271148592233658
bentheimer_crop_n200_s2,12,2,roi,0.0005942760035395622
bentheimer_crop_n200_s2,13,0,host_frontier,0.0013600499369204044
bentheimer_crop_n200_s2,13,1,roi,0.0003247070126235485
bentheimer_crop_n200_s2,13,2,persistent_frontier,0.0004803878255188465
bentheimer_crop_n200_s2,14,0,roi,0.0003245673142373562
bentheimer_crop_n200_s2,14,1,host_frontier,0.0008106539025902748
bentheimer_crop_n200_s2,14,2,persistent_frontier,0.0004818248562514782
bentheimer_crop_n200_s2,15,0,roi,0.00045088864862918854
bentheimer_crop_n200_s2,15,1,persistent_frontier,0.0009202230721712112
bentheimer_crop_n200_s2,15,2,host_frontier,0.0015961918979883194
bentheimer_crop_n200_s2,16,0,persistent_frontier,0.0009147962555289268
bentheimer_crop_n200_s2,16,1,roi,0.0005757450126111507
bentheimer_crop_n200_s2,16,2,host_frontier,0.0012842691503465176
bentheimer_crop_n200_s2,17,0,persistent_frontier,0.0007639080286026001
bentheimer_crop_n200_s2,17,1,host_frontier,0.0015516281127929688
bentheimer_crop_n200_s2,17,2,roi,0.0005823387764394283
bentheimer_crop_n200_s2,18,0,host_frontier,0.0016364911571145058
bentheimer_crop_n200_s2,18,1,persistent_frontier,0.0009356304071843624
bentheimer_crop_n200_s2,18,2,roi,0.0004833186976611614
bentheimer_crop_n200_s2,19,0,host_frontier,0.001570836640894413
bentheimer_crop_n200_s2,19,1,roi,0.0005786637775599957
bentheimer_crop_n200_s2,19,2,persistent_frontier,0.0009351880289614201
bentheimer_crop_n200_s2,20,0,roi,0.0005847448483109474
bentheimer_crop_n200_s2,20,1,host_frontier,0.000963390339165926
bentheimer_crop_n200_s2,20,2,persistent_frontier,0.0004888670518994331
bentheimer_crop_n200_s2,21,0,roi,0.00032337894663214684
bentheimer_crop_n200_s2,21,1,persistent_frontier,0.0004782979376614094
bentheimer_crop_n200_s2,21,2,host_frontier,0.001342268195003271
bentheimer_crop_n200_s2,22,0,persistent_frontier,0.0009519229643046856
bentheimer_crop_n200_s2,22,1,roi,0.0006179781630635262
bentheimer_crop_n200_s2,22,2,host_frontier,0.0016171610914170742
bentheimer_crop_n200_s2,23,0,persistent_frontier,0.000950962770730257
bentheimer_crop_n200_s2,23,1,host_frontier,0.0016023200005292892
bentheimer_crop_n200_s2,23,2,roi,0.0005903481505811214
bentheimer_crop_n200_s2,24,0,host_frontier,0.001590618398040533
bentheimer_crop_n200_s2,24,1,persistent_frontier,0.0006466102786362171
bentheimer_crop_n200_s2,24,2,roi,0.0004513789899647236
bentheimer_crop_n200_s2,25,0,host_frontier,0.0016055000014603138
bentheimer_crop_n200_s2,25,1,roi,0.0006052469834685326
bentheimer_crop_n200_s2,25,2,persistent_frontier,0.0009598089382052422
bentheimer_crop_n200_s2,26,0,roi,0.0005882270634174347
bentheimer_crop_n200_s2,26,1,host_frontier,0.0014214571565389633
bentheimer_crop_n200_s2,26,2,persistent_frontier,0.0009473050013184547
bentheimer_crop_n200_s2,27,0,roi,0.000591253861784935
bentheimer_crop_n200_s2,27,1,persistent_frontier,0.0009328857995569706
bentheimer_crop_n200_s2,27,2,host_frontier,0.0014591771177947521
bentheimer_crop_n200_s2,28,0,persistent_frontier,0.000761697068810463
bentheimer_crop_n200_s2,28,1,roi,0.0005876421928405762
bentheimer_crop_n200_s2,28,2,host_frontier,0.0015720217488706112
bentheimer_crop_n200_s2,29,0,persistent_frontier,0.0009245979599654675
bentheimer_crop_n200_s2,29,1,host_frontier,0.001582049299031496
bentheimer_crop_n200_s2,29,2,roi,0.0003315187059342861
bentheimer_crop_n200_s2,30,0,host_frontier,0.0008232719264924526
bentheimer_crop_n200_s2,30,1,persistent_frontier,0.0004835282452404499
bentheimer_crop_n200_s2,30,2,roi,0.0003277016803622246
bentheimer_crop_n200_s2,31,0,host_frontier,0.0010873530991375446
bentheimer_crop_n200_s2,31,1,roi,0.00032121269032359123
bentheimer_crop_n200_s2,31,2,persistent_frontier,0.00047943973913788795
bentheimer_crop_n200_s2,32,0,roi,0.0003215949982404709
bentheimer_crop_n200_s2,32,1,host_frontier,0.0008076322264969349
bentheimer_crop_n200_s2,32,2,persistent_frontier,0.00048128003254532814
bentheimer_crop_n200_s2,33,0,roi,0.0003185695968568325
bentheimer_crop_n200_s2,33,1,persistent_frontier,0.0004773372784256935
bentheimer_crop_n200_s2,33,2,host_frontier,0.0008217240683734417
bentheimer_crop_n200_s2,34,0,persistent_frontier,0.00047643017023801804
bentheimer_crop_n200_s2,34,1,roi,0.00032570865005254745
bentheimer_crop_n200_s2,34,2,host_frontier,0.000811504665762186
bentheimer_crop_n200_s2,35,0,persistent_frontier,0.000478111207485199
bentheimer_crop_n200_s2,35,1,host_frontier,0.0008111647330224514
bentheimer_crop_n200_s2,35,2,roi,0.0003242301754653454
bentheimer_crop_n200_s2,36,0,host_frontier,0.0008171889930963516
bentheimer_crop_n200_s2,36,1,persistent_frontier,0.00047264108434319496
bentheimer_crop_n200_s2,36,2,roi,0.00032133935019373894
bentheimer_crop_n200_s2,37,0,host_frontier,0.00081262132152915
bentheimer_crop_n200_s2,37,1,roi,0.00031917495653033257
bentheimer_crop_n200_s2,37,2,persistent_frontier,0.0004823119379580021
bentheimer_crop_n200_s2,38,0,roi,0.00032156798988580704
bentheimer_crop_n200_s2,38,1,host_frontier,0.0008157468400895596
bentheimer_crop_n200_s2,38,2,persistent_frontier,0.00047646602615714073
bentheimer_crop_n200_s2,39,0,roi,0.0003210841678082943
bentheimer_crop_n200_s2,39,1,persistent_frontier,0.00047742994502186775
bentheimer_crop_n200_s2,39,2,host_frontier,0.0008155186660587788
bentheimer_crop_n200_s2,40,0,persistent_frontier,0.0004756576381623745
bentheimer_crop_n200_s2,40,1,roi,0.0003184610977768898
bentheimer_crop_n200_s2,40,2,host_frontier,0.0008128411136567593
bentheimer_crop_n200_s2,41,0,persistent_frontier,0.0004723742604255676
bentheimer_crop_n200_s2,41,1,host_frontier,0.0008188448846340179
bentheimer_crop_n200_s2,41,2,roi,0.00032203178852796555
bentheimer_crop_n200_s2,42,0,host_frontier,0.0008071153424680233
bentheimer_crop_n200_s2,42,1,persistent_frontier,0.00047641992568969727
bentheimer_crop_n200_s2,42,2,roi,0.00032395822927355766
bentheimer_crop_n200_s2,43,0,host_frontier,0.0008053109049797058
bentheimer_crop_n200_s2,43,1,roi,0.0003181169740855694
bentheimer_crop_n200_s2,43,2,persistent_frontier,0.0004838826134800911
bentheimer_crop_n200_s2,44,0,roi,0.00033048493787646294
bentheimer_crop_n200_s2,44,1,host_frontier,0.0008072620257735252
bentheimer_crop_n200_s2,44,2,persistent_frontier,0.0004774020053446293
bentheimer_crop_n200_s2,45,0,roi,0.00031596096232533455
bentheimer_crop_n200_s2,45,1,persistent_frontier,0.00047493912279605865
bentheimer_crop_n200_s2,45,2,host_frontier,0.0008072773925960064
bentheimer_crop_n200_s2,46,0,persistent_frontier,0.0004771379753947258
bentheimer_crop_n200_s2,46,1,roi,0.00031880801543593407
bentheimer_crop_n200_s2,46,2,host_frontier,0.0008114203810691833
bentheimer_crop_n200_s2,47,0,persistent_frontier,0.00047961389645934105
bentheimer_crop_n200_s2,47,1,host_frontier,0.0008106059394776821
bentheimer_crop_n200_s2,47,2,roi,0.00032686907798051834
bentheimer_crop_n200_s2,48,0,host_frontier,0.0008152760565280914
bentheimer_crop_n200_s2,48,1,persistent_frontier,0.0004819398745894432
bentheimer_crop_n200_s2,48,2,roi,0.00032730773091316223
bentheimer_crop_n200_s2,49,0,host_frontier,0.000817496795207262
bentheimer_crop_n200_s2,49,1,roi,0.00031925784423947334
bentheimer_crop_n200_s2,49,2,persistent_frontier,0.00047482410445809364
bentheimer_crop_n200_s2,50,0,roi,0.00032213330268859863
bentheimer_crop_n200_s2,50,1,host_frontier,0.0008276943117380142
bentheimer_crop_n200_s2,50,2,persistent_frontier,0.00047812890261411667
bentheimer_crop_n800_s1,0,0,host_frontier,0.0003047310747206211
bentheimer_crop_n800_s1,0,1,persistent_frontier,0.00030807778239250183
bentheimer_crop_n800_s1,0,2,roi,0.00018290197476744652
bentheimer_crop_n800_s1,1,0,host_frontier,0.0003022439777851105
bentheimer_crop_n800_s1,1,1,roi,0.00017515430226922035
bentheimer_crop_n800_s1,1,2,persistent_frontier,0.0003068549558520317
bentheimer_crop_n800_s1,2,0,roi,0.00017371727153658867
bentheimer_crop_n800_s1,2,1,host_frontier,0.00030125677585601807
bentheimer_crop_n800_s1,2,2,persistent_frontier,0.0003062719479203224
bentheimer_crop_n800_s1,3,0,roi,0.00018099695444107056
bentheimer_crop_n800_s1,3,1,persistent_frontier,0.00031630462035536766
bentheimer_crop_n800_s1,3,2,host_frontier,0.00031096814200282097
bentheimer_crop_n800_s1,4,0,persistent_frontier,0.00030382629483938217
bentheimer_crop_n800_s1,4,1,roi,0.00018176110461354256
bentheimer_crop_n800_s1,4,2,host_frontier,0.00030192499980330467
bentheimer_crop_n800_s1,5,0,persistent_frontier,0.0003060009330511093
bentheimer_crop_n800_s1,5,1,host_frontier,0.0003006318584084511
bentheimer_crop_n800_s1,5,2,roi,0.00017513427883386612
bentheimer_crop_n800_s1,6,0,host_frontier,0.00029724976047873497
bentheimer_crop_n800_s1,6,1,persistent_frontier,0.0003024088218808174
bentheimer_crop_n800_s1,6,2,roi,0.00017997296527028084
bentheimer_crop_n800_s1,7,0,host_frontier,0.00030945101752877235
bentheimer_crop_n800_s1,7,1,roi,0.00018267612904310226
bentheimer_crop_n800_s1,7,2,persistent_frontier,0.00031269900500774384
bentheimer_crop_n800_s1,8,0,roi,0.00017430493608117104
bentheimer_crop_n800_s1,8,1,host_frontier,0.0002993210218846798
bentheimer_crop_n800_s1,8,2,persistent_frontier,0.00030713388696312904
bentheimer_crop_n800_s1,9,0,roi,0.0001750132068991661
bentheimer_crop_n800_s1,9,1,persistent_frontier,0.0003065066412091255
bentheimer_crop_n800_s1,9,2,host_frontier,0.000301949679851532
bentheimer_crop_n800_s1,10,0,persistent_frontier,0.00030096201226115227
bentheimer_crop_n800_s1,10,1,roi,0.0001747352071106434
bentheimer_crop_n800_s1,10,2,host_frontier,0.00030909525230526924
bentheimer_crop_n800_s1,11,0,persistent_frontier,0.00030973274260759354
bentheimer_crop_n800_s1,11,1,host_frontier,0.0003080088645219803
bentheimer_crop_n800_s1,11,2,roi,0.00018583424389362335
bentheimer_crop_n800_s1,12,0,host_frontier,0.0003005899488925934
bentheimer_crop_n800_s1,12,1,persistent_frontier,0.0003057783469557762
bentheimer_crop_n800_s1,12,2,roi,0.00018180208280682564
bentheimer_crop_n800_s1,13,0,host_frontier,0.00030310917645692825
bentheimer_crop_n800_s1,13,1,roi,0.00017563393339514732
bentheimer_crop_n800_s1,13,2,persistent_frontier,0.00030976906418800354
bentheimer_crop_n800_s1,14,0,roi,0.00017763813957571983
bentheimer_crop_n800_s1,14,1,host_frontier,0.0003107888624072075
bentheimer_crop_n800_s1,14,2,persistent_frontier,0.00030311988666653633
bentheimer_crop_n800_s1,15,0,roi,0.00018118927255272865
bentheimer_crop_n800_s1,15,1,persistent_frontier,0.0003129490651190281
bentheimer_crop_n800_s1,15,2,host_frontier,0.0003090384416282177
bentheimer_crop_n800_s1,16,0,persistent_frontier,0.00030650198459625244
bentheimer_crop_n800_s1,16,1,roi,0.00017890427261590958
bentheimer_crop_n800_s1,16,2,host_frontier,0.00030056387186050415
bentheimer_crop_n800_s1,17,0,persistent_frontier,0.00030720699578523636
bentheimer_crop_n800_s1,17,1,host_frontier,0.00032476987689733505
bentheimer_crop_n800_s1,17,2,roi,0.00019148504361510277
bentheimer_crop_n800_s1,18,0,host_frontier,0.00031199539080262184
bentheimer_crop_n800_s1,18,1,persistent_frontier,0.0003179190680384636
bentheimer_crop_n800_s1,18,2,roi,0.00018495088443160057
bentheimer_crop_n800_s1,19,0,host_frontier,0.0003054221160709858
bentheimer_crop_n800_s1,19,1,roi,0.00017814384773373604
bentheimer_crop_n800_s1,19,2,persistent_frontier,0.0003105481155216694
bentheimer_crop_n800_s1,20,0,roi,0.0001760232262313366
bentheimer_crop_n800_s1,20,1,host_frontier,0.000302738044410944
bentheimer_crop_n800_s1,20,2,persistent_frontier,0.0003061871975660324
bentheimer_crop_n800_s1,21,0,roi,0.00017353985458612442
bentheimer_crop_n800_s1,21,1,persistent_frontier,0.0003042081370949745
bentheimer_crop_n800_s1,21,2,host_frontier,0.0002978229895234108
bentheimer_crop_n800_s1,22,0,persistent_frontier,0.00030919117853045464
bentheimer_crop_n800_s1,22,1,roi,0.00018961913883686066
bentheimer_crop_n800_s1,22,2,host_frontier,0.00030896905809640884
bentheimer_crop_n800_s1,23,0,persistent_frontier,0.0003059390000998974
bentheimer_crop_n800_s1,23,1,host_frontier,0.00029722321778535843
bentheimer_crop_n800_s1,23,2,roi,0.00018152501434087753
bentheimer_crop_n800_s1,24,0,host_frontier,0.00029934197664260864
bentheimer_crop_n800_s1,24,1,persistent_frontier,0.0003059930168092251
bentheimer_crop_n800_s1,24,2,roi,0.00017642788589000702
bentheimer_crop_n800_s1,25,0,host_frontier,0.00029216473922133446
bentheimer_crop_n800_s1,25,1,roi,0.0001800120808184147
bentheimer_crop_n800_s1,25,2,persistent_frontier,0.00030470825731754303
bentheimer_crop_n800_s1,26,0,roi,0.0001850430853664875
bentheimer_crop_n800_s1,26,1,host_frontier,0.0002968190237879753
bentheimer_crop_n800_s1,26,2,persistent_frontier,0.00030745426192879677
bentheimer_crop_n800_s1,27,0,roi,0.0001777992583811283
bentheimer_crop_n800_s1,27,1,persistent_frontier,0.00031383102759718895
bentheimer_crop_n800_s1,27,2,host_frontier,0.00029307976365089417
bentheimer_crop_n800_s1,28,0,persistent_frontier,0.0002994360402226448
bentheimer_crop_n800_s1,28,1,roi,0.00017437105998396873
bentheimer_crop_n800_s1,28,2,host_frontier,0.00029235007241368294
bentheimer_crop_n800_s1,29,0,persistent_frontier,0.00030000926926732063
bentheimer_crop_n800_s1,29,1,host_frontier,0.0002958388067781925
bentheimer_crop_n800_s1,29,2,roi,0.00017429515719413757
bentheimer_crop_n800_s1,30,0,host_frontier,0.0003148219548165798
bentheimer_crop_n800_s1,30,1,persistent_frontier,0.00030976301059126854
bentheimer_crop_n800_s1,30,2,roi,0.00017994921654462814
bentheimer_crop_n800_s1,31,0,host_frontier,0.0002943258732557297
bentheimer_crop_n800_s1,31,1,roi,0.00017378106713294983
bentheimer_crop_n800_s1,31,2,persistent_frontier,0.00030941516160964966
bentheimer_crop_n800_s1,32,0,roi,0.0001744288019835949
bentheimer_crop_n800_s1,32,1,host_frontier,0.0003030449151992798
bentheimer_crop_n800_s1,32,2,persistent_frontier,0.0003035105764865875
bentheimer_crop_n800_s1,33,0,roi,0.00017329305410385132
bentheimer_crop_n800_s1,33,1,persistent_frontier,0.0003072279505431652
bentheimer_crop_n800_s1,33,2,host_frontier,0.0003043022006750107
bentheimer_crop_n800_s1,34,0,persistent_frontier,0.0003048200160264969
bentheimer_crop_n800_s1,34,1,roi,0.00017712125554680824
bentheimer_crop_n800_s1,34,2,host_frontier,0.00030989618971943855
bentheimer_crop_n800_s1,35,0,persistent_frontier,0.00030517904087901115
bentheimer_crop_n800_s1,35,1,host_frontier,0.0002926182933151722
bentheimer_crop_n800_s1,35,2,roi,0.00017347931861877441
bentheimer_crop_n800_s1,36,0,host_frontier,0.00030412711203098297
bentheimer_crop_n800_s1,36,1,persistent_frontier,0.0003024609759449959
bentheimer_crop_n800_s1,36,2,roi,0.00017316918820142746
bentheimer_crop_n800_s1,37,0,host_frontier,0.0002981061115860939
bentheimer_crop_n800_s1,37,1,roi,0.00017175916582345963
bentheimer_crop_n800_s1,37,2,persistent_frontier,0.00031032878905534744
bentheimer_crop_n800_s1,38,0,roi,0.00017188489437103271
bentheimer_crop_n800_s1,38,1,host_frontier,0.0002908911556005478
bentheimer_crop_n800_s1,38,2,persistent_frontier,0.00030446378514170647
bentheimer_crop_n800_s1,39,0,roi,0.0001816968433558941
bentheimer_crop_n800_s1,39,1,persistent_frontier,0.00030294619500637054
bentheimer_crop_n800_s1,39,2,host_frontier,0.0003073769621551037
bentheimer_crop_n800_s1,40,0,persistent_frontier,0.00030226027593016624
bentheimer_crop_n800_s1,40,1,roi,0.00018016481772065163
bentheimer_crop_n800_s1,40,2,host_frontier,0.0002938816323876381
bentheimer_crop_n800_s1,41,0,persistent_frontier,0.0003014528192579746
bentheimer_crop_n800_s1,41,1,host_frontier,0.0002956800162792206
bentheimer_crop_n800_s1,41,2,roi,0.00017792964354157448
bentheimer_crop_n800_s1,42,0,host_frontier,0.0003222334198653698
bentheimer_crop_n800_s1,42,1,persistent_frontier,0.00031761499121785164
bentheimer_crop_n800_s1,42,2,roi,0.00017920229583978653
bentheimer_crop_n800_s1,43,0,host_frontier,0.0005801371298730373
bentheimer_crop_n800_s1,43,1,roi,0.000490761362016201
bentheimer_crop_n800_s1,43,2,persistent_frontier,0.0007062209770083427
bentheimer_crop_n800_s1,44,0,roi,0.0004958882927894592
bentheimer_crop_n800_s1,44,1,host_frontier,0.0006960039027035236
bentheimer_crop_n800_s1,44,2,persistent_frontier,0.0007431930862367153
bentheimer_crop_n800_s1,45,0,roi,0.000546563882380724
bentheimer_crop_n800_s1,45,1,persistent_frontier,0.0007569552399218082
bentheimer_crop_n800_s1,45,2,host_frontier,0.000699847936630249
bentheimer_crop_n800_s1,46,0,persistent_frontier,0.0007434678263962269
bentheimer_crop_n800_s1,46,1,roi,0.0005043577402830124
bentheimer_crop_n800_s1,46,2,host_frontier,0.000695414375513792
bentheimer_crop_n800_s1,47,0,persistent_frontier,0.0007318994030356407
bentheimer_crop_n800_s1,47,1,host_frontier,0.0006922460161149502
bentheimer_crop_n800_s1,47,2,roi,0.0004531200975179672
bentheimer_crop_n800_s1,48,0,host_frontier,0.0006660758517682552
bentheimer_crop_n800_s1,48,1,persistent_frontier,0.0006698421202600002
bentheimer_crop_n800_s1,48,2,roi,0.0004836181178689003
bentheimer_crop_n800_s1,49,0,host_frontier,0.000683389138430357
bentheimer_crop_n800_s1,49,1,roi,0.0004966435953974724
bentheimer_crop_n800_s1,49,2,persistent_frontier,0.0007154550403356552
bentheimer_crop_n800_s1,50,0,roi,0.0004929397255182266
bentheimer_crop_n800_s1,50,1,host_frontier,0.000702165998518467
bentheimer_crop_n800_s1,50,2,persistent_frontier,0.0007488010451197624
bentheimer_crop_n800_s2,0,0,host_frontier,0.0005628797225654125
bentheimer_crop_n800_s2,0,1,persistent_frontier,0.0004199189133942127
bentheimer_crop_n800_s2,0,2,roi,0.00029772892594337463
bentheimer_crop_n800_s2,1,0,host_frontier,0.0005663679912686348
bentheimer_crop_n800_s2,1,1,roi,0.0002924269065260887
bentheimer_crop_n800_s2,1,2,persistent_frontier,0.00041979504749178886
bentheimer_crop_n800_s2,2,0,roi,0.0002945750020444393
bentheimer_crop_n800_s2,2,1,host_frontier,0.0005627642385661602
bentheimer_crop_n800_s2,2,2,persistent_frontier,0.0004120999947190285
bentheimer_crop_n800_s2,3,0,roi,0.0002932818606495857
bentheimer_crop_n800_s2,3,1,persistent_frontier,0.0004252432845532894
bentheimer_crop_n800_s2,3,2,host_frontier,0.0005692848935723305
bentheimer_crop_n800_s2,4,0,persistent_frontier,0.000421987846493721
bentheimer_crop_n800_s2,4,1,roi,0.00030243396759033203
bentheimer_crop_n800_s2,4,2,host_frontier,0.0005487389862537384
bentheimer_crop_n800_s2,5,0,persistent_frontier,0.0004162290133535862
bentheimer_crop_n800_s2,5,1,host_frontier,0.0005539450794458389
bentheimer_crop_n800_s2,5,2,roi,0.0002954057417809963
bentheimer_crop_n800_s2,6,0,host_frontier,0.0005811117589473724
bentheimer_crop_n800_s2,6,1,persistent_frontier,0.00042037805542349815
bentheimer_crop_n800_s2,6,2,roi,0.0002962700091302395
bentheimer_crop_n800_s2,7,0,host_frontier,0.0005641370080411434
bentheimer_crop_n800_s2,7,1,roi,0.00029224297031760216
bentheimer_crop_n800_s2,7,2,persistent_frontier,0.00041841575875878334
bentheimer_crop_n800_s2,8,0,roi,0.00029922695830464363
bentheimer_crop_n800_s2,8,1,host_frontier,0.0005690678954124451
bentheimer_crop_n800_s2,8,2,persistent_frontier,0.00041509419679641724
bentheimer_crop_n800_s2,9,0,roi,0.0002965000458061695
bentheimer_crop_n800_s2,9,1,persistent_frontier,0.0004395749419927597
bentheimer_crop_n800_s2,9,2,host_frontier,0.0005653919652104378
bentheimer_crop_n800_s2,10,0,persistent_frontier,0.0004099900834262371
bentheimer_crop_n800_s2,10,1,roi,0.00029841577634215355
bentheimer_crop_n800_s2,10,2,host_frontier,0.0005578389391303062
bentheimer_crop_n800_s2,11,0,persistent_frontier,0.00041297730058431625
bentheimer_crop_n800_s2,11,1,host_frontier,0.0005500270053744316
bentheimer_crop_n800_s2,11,2,roi,0.00029775407165288925
bentheimer_crop_n800_s2,12,0,host_frontier,0.0005557071417570114
bentheimer_crop_n800_s2,12,1,persistent_frontier,0.00042304908856749535
bentheimer_crop_n800_s2,12,2,roi,0.0002967957407236099
bentheimer_crop_n800_s2,13,0,host_frontier,0.0005650101229548454
bentheimer_crop_n800_s2,13,1,roi,0.00029300013557076454
bentheimer_crop_n800_s2,13,2,persistent_frontier,0.00042330194264650345
bentheimer_crop_n800_s2,14,0,roi,0.0002928348258137703
bentheimer_crop_n800_s2,14,1,host_frontier,0.0005454220809042454
bentheimer_crop_n800_s2,14,2,persistent_frontier,0.00041739223524928093
bentheimer_crop_n800_s2,15,0,roi,0.00030162883922457695
bentheimer_crop_n800_s2,15,1,persistent_frontier,0.0004161857068538666
bentheimer_crop_n800_s2,15,2,host_frontier,0.0005728402175009251
bentheimer_crop_n800_s2,16,0,persistent_frontier,0.00041280966252088547
bentheimer_crop_n800_s2,16,1,roi,0.0003001652657985687
bentheimer_crop_n800_s2,16,2,host_frontier,0.0005505932494997978
bentheimer_crop_n800_s2,17,0,persistent_frontier,0.0004103761166334152
bentheimer_crop_n800_s2,17,1,host_frontier,0.0005583683960139751
bentheimer_crop_n800_s2,17,2,roi,0.0002983640879392624
bentheimer_crop_n800_s2,18,0,host_frontier,0.000573194120079279
bentheimer_crop_n800_s2,18,1,persistent_frontier,0.00042520929127931595
bentheimer_crop_n800_s2,18,2,roi,0.0003103860653936863
bentheimer_crop_n800_s2,19,0,host_frontier,0.0005592410452663898
bentheimer_crop_n800_s2,19,1,roi,0.00029230909422039986
bentheimer_crop_n800_s2,19,2,persistent_frontier,0.0004196777008473873
bentheimer_crop_n800_s2,20,0,roi,0.0002939198166131973
bentheimer_crop_n800_s2,20,1,host_frontier,0.0005577667616307735
bentheimer_crop_n800_s2,20,2,persistent_frontier,0.00041292281821370125
bentheimer_crop_n800_s2,21,0,roi,0.0002935570664703846
bentheimer_crop_n800_s2,21,1,persistent_frontier,0.0004198821261525154
bentheimer_crop_n800_s2,21,2,host_frontier,0.0005704811774194241
bentheimer_crop_n800_s2,22,0,persistent_frontier,0.0004185223951935768
bentheimer_crop_n800_s2,22,1,roi,0.0003053629770874977
bentheimer_crop_n800_s2,22,2,host_frontier,0.0005680606700479984
bentheimer_crop_n800_s2,23,0,persistent_frontier,0.0004129498265683651
bentheimer_crop_n800_s2,23,1,host_frontier,0.0005676480941474438
bentheimer_crop_n800_s2,23,2,roi,0.0002999240532517433
bentheimer_crop_n800_s2,24,0,host_frontier,0.0005621151067316532
bentheimer_crop_n800_s2,24,1,persistent_frontier,0.00040983501821756363
bentheimer_crop_n800_s2,24,2,roi,0.00029492098838090897
bentheimer_crop_n800_s2,25,0,host_frontier,0.0005503413267433643
bentheimer_crop_n800_s2,25,1,roi,0.00029204366728663445
bentheimer_crop_n800_s2,25,2,persistent_frontier,0.0004235589876770973
bentheimer_crop_n800_s2,26,0,roi,0.0002976651303470135
bentheimer_crop_n800_s2,26,1,host_frontier,0.0005675437860190868
bentheimer_crop_n800_s2,26,2,persistent_frontier,0.0004160292446613312
bentheimer_crop_n800_s2,27,0,roi,0.0002958257682621479
bentheimer_crop_n800_s2,27,1,persistent_frontier,0.00041538989171385765
bentheimer_crop_n800_s2,27,2,host_frontier,0.0005594268441200256
bentheimer_crop_n800_s2,28,0,persistent_frontier,0.00042486703023314476
bentheimer_crop_n800_s2,28,1,roi,0.00030320603400468826
bentheimer_crop_n800_s2,28,2,host_frontier,0.0005555148236453533
bentheimer_crop_n800_s2,29,0,persistent_frontier,0.0004121731035411358
bentheimer_crop_n800_s2,29,1,host_frontier,0.0005635879933834076
bentheimer_crop_n800_s2,29,2,roi,0.00029775919392704964
bentheimer_crop_n800_s2,30,0,host_frontier,0.0005704299546778202
bentheimer_crop_n800_s2,30,1,persistent_frontier,0.0004124091938138008
bentheimer_crop_n800_s2,30,2,roi,0.0002949303016066551
bentheimer_crop_n800_s2,31,0,host_frontier,0.0005742288194596767
bentheimer_crop_n800_s2,31,1,roi,0.0002935677766799927
bentheimer_crop_n800_s2,31,2,persistent_frontier,0.00041428999975323677
bentheimer_crop_n800_s2,32,0,roi,0.0002942923456430435
bentheimer_crop_n800_s2,32,1,host_frontier,0.0005577392876148224
bentheimer_crop_n800_s2,32,2,persistent_frontier,0.0004115062765777111
bentheimer_crop_n800_s2,33,0,roi,0.00029484787955880165
bentheimer_crop_n800_s2,33,1,persistent_frontier,0.00042214803397655487
bentheimer_crop_n800_s2,33,2,host_frontier,0.0005745659582316875
bentheimer_crop_n800_s2,34,0,persistent_frontier,0.00041240593418478966
bentheimer_crop_n800_s2,34,1,roi,0.000301986001431942
bentheimer_crop_n800_s2,34,2,host_frontier,0.0005652410909533501
bentheimer_crop_n800_s2,35,0,persistent_frontier,0.00041212281212210655
bentheimer_crop_n800_s2,35,1,host_frontier,0.0005677281878888607
bentheimer_crop_n800_s2,35,2,roi,0.00029363110661506653
bentheimer_crop_n800_s2,36,0,host_frontier,0.0005680280737578869
bentheimer_crop_n800_s2,36,1,persistent_frontier,0.0004174993373453617
bentheimer_crop_n800_s2,36,2,roi,0.00029972102493047714
bentheimer_crop_n800_s2,37,0,host_frontier,0.0005683540366590023
bentheimer_crop_n800_s2,37,1,roi,0.00030187005177140236
bentheimer_crop_n800_s2,37,2,persistent_frontier,0.00041623692959547043
bentheimer_crop_n800_s2,38,0,roi,0.0002934657968580723
bentheimer_crop_n800_s2,38,1,host_frontier,0.0005445210263133049
bentheimer_crop_n800_s2,38,2,persistent_frontier,0.00041105737909674644
bentheimer_crop_n800_s2,39,0,roi,0.0002935817465186119
bentheimer_crop_n800_s2,39,1,persistent_frontier,0.0004158490337431431
bentheimer_crop_n800_s2,39,2,host_frontier,0.0005623530596494675
bentheimer_crop_n800_s2,40,0,persistent_frontier,0.0004188697785139084
bentheimer_crop_n800_s2,40,1,roi,0.0002943938598036766
bentheimer_crop_n800_s2,40,2,host_frontier,0.0005731279961764812
bentheimer_crop_n800_s2,41,0,persistent_frontier,0.0004139672964811325
bentheimer_crop_n800_s2,41,1,host_frontier,0.0005569476634263992
bentheimer_crop_n800_s2,41,2,roi,0.00029870402067899704
bentheimer_crop_n800_s2,42,0,host_frontier,0.0005429922603070736
bentheimer_crop_n800_s2,42,1,persistent_frontier,0.000414807815104723
bentheimer_crop_n800_s2,42,2,roi,0.0002953130751848221
bentheimer_crop_n800_s2,43,0,host_frontier,0.0005581332370638847
bentheimer_crop_n800_s2,43,1,roi,0.00029388489201664925
bentheimer_crop_n800_s2,43,2,persistent_frontier,0.0004159156233072281
bentheimer_crop_n800_s2,44,0,roi,0.00029300106689333916
bentheimer_crop_n800_s2,44,1,host_frontier,0.000554163008928299
bentheimer_crop_n800_s2,44,2,persistent_frontier,0.0004121912643313408
bentheimer_crop_n800_s2,45,0,roi,0.0002931240014731884
bentheimer_crop_n800_s2,45,1,persistent_frontier,0.0004201820120215416
bentheimer_crop_n800_s2,45,2,host_frontier,0.0005558808334171772
bentheimer_crop_n800_s2,46,0,persistent_frontier,0.0004117293283343315
bentheimer_crop_n800_s2,46,1,roi,0.00029989518225193024
bentheimer_crop_n800_s2,46,2,host_frontier,0.0005574231036007404
bentheimer_crop_n800_s2,47,0,persistent_frontier,0.0004122219979763031
bentheimer_crop_n800_s2,47,1,host_frontier,0.0005657761357724667
bentheimer_crop_n800_s2,47,2,roi,0.0002970830537378788
bentheimer_crop_n800_s2,48,0,host_frontier,0.0005659377202391624
bentheimer_crop_n800_s2,48,1,persistent_frontier,0.0004152287729084492
bentheimer_crop_n800_s2,48,2,roi,0.00029374007135629654
bentheimer_crop_n800_s2,49,0,host_frontier,0.0005645598284900188
bentheimer_crop_n800_s2,49,1,roi,0.00029984209686517715
bentheimer_crop_n800_s2,49,2,persistent_frontier,0.0004316037520766258
bentheimer_crop_n800_s2,50,0,roi,0.00029570097103714943
bentheimer_crop_n800_s2,50,1,host_frontier,0.0005682739429175854
bentheimer_crop_n800_s2,50,2,persistent_frontier,0.00041984207928180695
berea_heldout_64_n200_s1,0,0,host_frontier,0.000552130863070488
berea_heldout_64_n200_s1,0,1,persistent_frontier,0.00037315208464860916
berea_heldout_64_n200_s1,0,2,roi,0.00020303810015320778
berea_heldout_64_n200_s1,1,0,host_frontier,0.0009374520741403103
berea_heldout_64_n200_s1,1,1,roi,0.00046350760385394096
berea_heldout_64_n200_s1,1,2,persistent_frontier,0.000863333698362112
berea_heldout_64_n200_s1,2,0,roi,0.00044981809332966805
berea_heldout_64_n200_s1,2,1,host_frontier,0.0007762010209262371
berea_heldout_64_n200_s1,2,2,persistent_frontier,0.0005985423922538757
berea_heldout_64_n200_s1,3,0,roi,0.0003947233781218529
berea_heldout_64_n200_s1,3,1,persistent_frontier,0.0006328611634671688
berea_heldout_64_n200_s1,3,2,host_frontier,0.005909185390919447
berea_heldout_64_n200_s1,4,0,persistent_frontier,0.0006129499524831772
berea_heldout_64_n200_s1,4,1,roi,0.0003901883028447628
berea_heldout_64_n200_s1,4,2,host_frontier,0.0007577068172395229
berea_heldout_64_n200_s1,5,0,persistent_frontier,0.0006418740376830101
berea_heldout_64_n200_s1,5,1,host_frontier,0.0009328140877187252
berea_heldout_64_n200_s1,5,2,roi,0.00046052969992160797
berea_heldout_64_n200_s1,6,0,host_frontier,0.000780752394348383
berea_heldout_64_n200_s1,6,1,persistent_frontier,0.0011453218758106232
berea_heldout_64_n200_s1,6,2,roi,0.005122563801705837
berea_heldout_64_n200_s1,7,0,host_frontier,0.003749141003936529
berea_heldout_64_n200_s1,7,1,roi,0.0006925608031451702
berea_heldout_64_n200_s1,7,2,persistent_frontier,0.0008246391080319881
berea_heldout_64_n200_s1,8,0,roi,0.0005318252369761467
berea_heldout_64_n200_s1,8,1,host_frontier,0.0009566829539835453
berea_heldout_64_n200_s1,8,2,persistent_frontier,0.0007398976013064384
berea_heldout_64_n200_s1,9,0,roi,0.0005359570495784283
berea_heldout_64_n200_s1,9,1,persistent_frontier,0.0007925489917397499
berea_heldout_64_n200_s1,9,2,host_frontier,0.0010858112946152687
berea_heldout_64_n200_s1,10,0,persistent_frontier,0.0008325050584971905
berea_heldout_64_n200_s1,10,1,roi,0.0005535818636417389
berea_heldout_64_n200_s1,10,2,host_frontier,0.0005637006834149361
berea_heldout_64_n200_s1,11,0,persistent_frontier,0.00036898208782076836
berea_heldout_64_n200_s1,11,1,host_frontier,0.0005101347342133522
berea_heldout_64_n200_s1,11,2,roi,0.00020454777404665947
berea_heldout_64_n200_s1,12,0,host_frontier,0.0005129710771143436
berea_heldout_64_n200_s1,12,1,persistent_frontier,0.00036252010613679886
berea_heldout_64_n200_s1,12,2,roi,0.00019757915288209915
berea_heldout_64_n200_s1,13,0,host_frontier,0.00051066093146801
berea_heldout_64_n200_s1,13,1,roi,0.00019443407654762268
berea_heldout_64_n200_s1,13,2,persistent_frontier,0.0003757779486477375
berea_heldout_64_n200_s1,14,0,roi,0.00019607506692409515
berea_heldout_64_n200_s1,14,1,host_frontier,0.000518313143402338
berea_heldout_64_n200_s1,14,2,persistent_frontier,0.00036542024463415146
berea_heldout_64_n200_s1,15,0,roi,0.00019370298832654953
berea_heldout_64_n200_s1,15,1,persistent_frontier,0.00036190543323755264
berea_heldout_64_n200_s1,15,2,host_frontier,0.0005125291645526886
berea_heldout_64_n200_s1,16,0,persistent_frontier,0.0003598569892346859
berea_heldout_64_n200_s1,16,1,roi,0.00019371602684259415
berea_heldout_64_n200_s1,16,2,host_frontier,0.0005132788792252541
berea_heldout_64_n200_s1,17,0,persistent_frontier,0.0003639957867562771
berea_heldout_64_n200_s1,17,1,host_frontier,0.0005184742622077465
berea_heldout_64_n200_s1,17,2,roi,0.00019448110833764076
berea_heldout_64_n200_s1,18,0,host_frontier,0.0005159187130630016
berea_heldout_64_n200_s1,18,1,persistent_frontier,0.0004004477523267269
berea_heldout_64_n200_s1,18,2,roi,0.000205271877348423
berea_heldout_64_n200_s1,19,0,host_frontier,0.0005191946402192116
berea_heldout_64_n200_s1,19,1,roi,0.00019592326134443283
berea_heldout_64_n200_s1,19,2,persistent_frontier,0.00037060678005218506
berea_heldout_64_n200_s1,20,0,roi,0.0001921248622238636
berea_heldout_64_n200_s1,20,1,host_frontier,0.0005101580172777176
berea_heldout_64_n200_s1,20,2,persistent_frontier,0.0003605908714234829
berea_heldout_64_n200_s1,21,0,roi,0.00019388319924473763
berea_heldout_64_n200_s1,21,1,persistent_frontier,0.00037084007635712624
berea_heldout_64_n200_s1,21,2,host_frontier,0.000518829096108675
berea_heldout_64_n200_s1,22,0,persistent_frontier,0.0003635627217590809
berea_heldout_64_n200_s1,22,1,roi,0.00019658776000142097
berea_heldout_64_n200_s1,22,2,host_frontier,0.0005092630162835121
berea_heldout_64_n200_s1,23,0,persistent_frontier,0.0003734016790986061
berea_heldout_64_n200_s1,23,1,host_frontier,0.000502812210470438
berea_heldout_64_n200_s1,23,2,roi,0.00018973276019096375
berea_heldout_64_n200_s1,24,0,host_frontier,0.0005142600275576115
berea_heldout_64_n200_s1,24,1,persistent_frontier,0.00036478182300925255
berea_heldout_64_n200_s1,24,2,roi,0.0001941039226949215
berea_heldout_64_n200_s1,25,0,host_frontier,0.0005119969137012959
berea_heldout_64_n200_s1,25,1,roi,0.0002023107372224331
berea_heldout_64_n200_s1,25,2,persistent_frontier,0.00036720000207424164
berea_heldout_64_n200_s1,26,0,roi,0.00019584409892559052
berea_heldout_64_n200_s1,26,1,host_frontier,0.0005144081078469753
berea_heldout_64_n200_s1,26,2,persistent_frontier,0.00036715809255838394
berea_heldout_64_n200_s1,27,0,roi,0.00020076707005500793
berea_heldout_64_n200_s1,27,1,persistent_frontier,0.00037338491529226303
berea_heldout_64_n200_s1,27,2,host_frontier,0.0005175666883587837
berea_heldout_64_n200_s1,28,0,persistent_frontier,0.00036430126056075096
berea_heldout_64_n200_s1,28,1,roi,0.00019621802493929863
berea_heldout_64_n200_s1,28,2,host_frontier,0.0005154428072273731
berea_heldout_64_n200_s1,29,0,persistent_frontier,0.00039558205753564835
berea_heldout_64_n200_s1,29,1,host_frontier,0.0005144579336047173
berea_heldout_64_n200_s1,29,2,roi,0.00019584828987717628
berea_heldout_64_n200_s1,30,0,host_frontier,0.0007509388960897923
berea_heldout_64_n200_s1,30,1,persistent_frontier,0.0008020470850169659
berea_heldout_64_n200_s1,30,2,roi,0.000486236996948719
berea_heldout_64_n200_s1,31,0,host_frontier,0.0010997611097991467
berea_heldout_64_n200_s1,31,1,roi,0.0005092150531709194
berea_heldout_64_n200_s1,31,2,persistent_frontier,0.0006120470352470875
berea_heldout_64_n200_s1,32,0,roi,0.00035670865327119827
berea_heldout_64_n200_s1,32,1,host_frontier,0.0007726782932877541
berea_heldout_64_n200_s1,32,2,persistent_frontier,0.00061798095703125
berea_heldout_64_n200_s1,33,0,roi,0.004839044064283371
berea_heldout_64_n200_s1,33,1,persistent_frontier,0.0006288941949605942
berea_heldout_64_n200_s1,33,2,host_frontier,0.0007790909148752689
berea_heldout_64_n200_s1,34,0,persistent_frontier,0.0005803406238555908
berea_heldout_64_n200_s1,34,1,roi,0.0003493400290608406
berea_heldout_64_n200_s1,34,2,host_frontier,0.0008523599244654179
berea_heldout_64_n200_s1,35,0,persistent_frontier,0.000592126976698637
berea_heldout_64_n200_s1,35,1,host_frontier,0.0007906747050583363
berea_heldout_64_n200_s1,35,2,roi,0.00037200283259153366
berea_heldout_64_n200_s1,36,0,host_frontier,0.0013539083302021027
berea_heldout_64_n200_s1,36,1,persistent_frontier,0.002317264210432768
berea_heldout_64_n200_s1,36,2,roi,0.00481751561164856
berea_heldout_64_n200_s1,37,0,host_frontier,0.002835111226886511
berea_heldout_64_n200_s1,37,1,roi,0.0005483771674335003
berea_heldout_64_n200_s1,37,2,persistent_frontier,0.0008286051452159882
berea_heldout_64_n200_s1,38,0,roi,0.0003304821439087391
berea_heldout_64_n200_s1,38,1,host_frontier,0.0010092230513691902
berea_heldout_64_n200_s1,38,2,persistent_frontier,0.0008001099340617657
berea_heldout_64_n200_s1,39,0,roi,0.0005372636951506138
berea_heldout_64_n200_s1,39,1,persistent_frontier,0.0008062380366027355
berea_heldout_64_n200_s1,39,2,host_frontier,0.0010407059453427792
berea_heldout_64_n200_s1,40,0,persistent_frontier,0.0007832366973161697
berea_heldout_64_n200_s1,40,1,roi,0.0002983580343425274
berea_heldout_64_n200_s1,40,2,host_frontier,0.000538861844688654
berea_heldout_64_n200_s1,41,0,persistent_frontier,0.0004130098968744278
berea_heldout_64_n200_s1,41,1,host_frontier,0.0005143871530890465
berea_heldout_64_n200_s1,41,2,roi,0.0002009696327149868
berea_heldout_64_n200_s1,42,0,host_frontier,0.0005187876522541046
berea_heldout_64_n200_s1,42,1,persistent_frontier,0.0003682700917124748
berea_heldout_64_n200_s1,42,2,roi,0.00019949208945035934
berea_heldout_64_n200_s1,43,0,host_frontier,0.0005161790177226067
berea_heldout_64_n200_s1,43,1,roi,0.0001949518918991089
berea_heldout_64_n200_s1,43,2,persistent_frontier,0.0003724880516529083
berea_heldout_64_n200_s1,44,0,roi,0.00019337795674800873
berea_heldout_64_n200_s1,44,1,host_frontier,0.0005017961375415325
berea_heldout_64_n200_s1,44,2,persistent_frontier,0.0003646756522357464
berea_heldout_64_n200_s1,45,0,roi,0.00019306829199194908
berea_heldout_64_n200_s1,45,1,persistent_frontier,0.0003635650500655174
berea_heldout_64_n200_s1,45,2,host_frontier,0.0005107158794999123
berea_heldout_64_n200_s1,46,0,persistent_frontier,0.00035935500636696815
berea_heldout_64_n200_s1,46,1,roi,0.00019295373931527138
berea_heldout_64_n200_s1,46,2,host_frontier,0.0005144779570400715
berea_heldout_64_n200_s1,47,0,persistent_frontier,0.0003688707947731018
berea_heldout_64_n200_s1,47,1,host_frontier,0.0005140388384461403
berea_heldout_64_n200_s1,47,2,roi,0.00019525131210684776
berea_heldout_64_n200_s1,48,0,host_frontier,0.0005104532465338707
berea_heldout_64_n200_s1,48,1,persistent_frontier,0.00036590080708265305
berea_heldout_64_n200_s1,48,2,roi,0.0001935209147632122
berea_heldout_64_n200_s1,49,0,host_frontier,0.0005112471990287304
berea_heldout_64_n200_s1,49,1,roi,0.00019097328186035156
berea_heldout_64_n200_s1,49,2,persistent_frontier,0.000370711088180542
berea_heldout_64_n200_s1,50,0,roi,0.00019010761752724648
berea_heldout_64_n200_s1,50,1,host_frontier,0.0005080234259366989
berea_heldout_64_n200_s1,50,2,persistent_frontier,0.00035955430939793587
berea_heldout_64_n200_s2,0,0,host_frontier,0.0009731859900057316
berea_heldout_64_n200_s2,0,1,persistent_frontier,0.0005585472099483013
berea_heldout_64_n200_s2,0,2,roi,0.00039361510425806046
berea_heldout_64_n200_s2,1,0,host_frontier,0.0009703319519758224
berea_heldout_64_n200_s2,1,1,roi,0.0003912579268217087
berea_heldout_64_n200_s2,1,2,persistent_frontier,0.0005604340694844723
berea_heldout_64_n200_s2,2,0,roi,0.000395406037569046
berea_heldout_64_n200_s2,2,1,host_frontier,0.0009789089672267437
berea_heldout_64_n200_s2,2,2,persistent_frontier,0.0005600443109869957
berea_heldout_64_n200_s2,3,0,roi,0.0003941361792385578
berea_heldout_64_n200_s2,3,1,persistent_frontier,0.0005480507388710976
berea_heldout_64_n200_s2,3,2,host_frontier,0.0010034991428256035
berea_heldout_64_n200_s2,4,0,persistent_frontier,0.0005599292926490307
berea_heldout_64_n200_s2,4,1,roi,0.0003964207135140896
berea_heldout_64_n200_s2,4,2,host_frontier,0.0009736418724060059
berea_heldout_64_n200_s2,5,0,persistent_frontier,0.0005595949478447437
berea_heldout_64_n200_s2,5,1,host_frontier,0.0009783441200852394
berea_heldout_64_n200_s2,5,2,roi,0.0003906888887286186
berea_heldout_64_n200_s2,6,0,host_frontier,0.0009829271584749222
berea_heldout_64_n200_s2,6,1,persistent_frontier,0.0005570389330387115
berea_heldout_64_n200_s2,6,2,roi,0.0003897123970091343
berea_heldout_64_n200_s2,7,0,host_frontier,0.0009710667654871941
berea_heldout_64_n200_s2,7,1,roi,0.000388316810131073
berea_heldout_64_n200_s2,7,2,persistent_frontier,0.0005536028183996677
berea_heldout_64_n200_s2,8,0,roi,0.000389717984944582
berea_heldout_64_n200_s2,8,1,host_frontier,0.0009762607514858246
berea_heldout_64_n200_s2,8,2,persistent_frontier,0.0005582706071436405
berea_heldout_64_n200_s2,9,0,roi,0.00039431778714060783
berea_heldout_64_n200_s2,9,1,persistent_frontier,0.000554284080862999
berea_heldout_64_n200_s2,9,2,host_frontier,0.000980558805167675
berea_heldout_64_n200_s2,10,0,persistent_frontier,0.0005543730221688747
berea_heldout_64_n200_s2,10,1,roi,0.0003944719210267067
berea_heldout_64_n200_s2,10,2,host_frontier,0.0009565227665007114
berea_heldout_64_n200_s2,11,0,persistent_frontier,0.0005595139227807522
berea_heldout_64_n200_s2,11,1,host_frontier,0.0009811781346797943
berea_heldout_64_n200_s2,11,2,roi,0.00039769895374774933
berea_heldout_64_n200_s2,12,0,host_frontier,0.0009714476764202118
berea_heldout_64_n200_s2,12,1,persistent_frontier,0.0005535599775612354
berea_heldout_64_n200_s2,12,2,roi,0.0003908262588083744
berea_heldout_64_n200_s2,13,0,host_frontier,0.0009702946990728378
berea_heldout_64_n200_s2,13,1,roi,0.0003895368427038193
berea_heldout_64_n200_s2,13,2,persistent_frontier,0.0005546188913285732
berea_heldout_64_n200_s2,14,0,roi,0.00039019761607050896
berea_heldout_64_n200_s2,14,1,host_frontier,0.0009745405986905098
berea_heldout_64_n200_s2,14,2,persistent_frontier,0.0005514253862202168
berea_heldout_64_n200_s2,15,0,roi,0.0003883540630340576
berea_heldout_64_n200_s2,15,1,persistent_frontier,0.0005507110618054867
berea_heldout_64_n200_s2,15,2,host_frontier,0.000980551354587078
berea_heldout_64_n200_s2,16,0,persistent_frontier,0.0005479762330651283
berea_heldout_64_n200_s2,16,1,roi,0.0003942931070923805
berea_heldout_64_n200_s2,16,2,host_frontier,0.0009770873002707958
berea_heldout_64_n200_s2,17,0,persistent_frontier,0.0005534091033041477
berea_heldout_64_n200_s2,17,1,host_frontier,0.0009755068458616734
berea_heldout_64_n200_s2,17,2,roi,0.0003906399942934513
berea_heldout_64_n200_s2,18,0,host_frontier,0.0009768381714820862
berea_heldout_64_n200_s2,18,1,persistent_frontier,0.0005543520674109459
berea_heldout_64_n200_s2,18,2,roi,0.0003924919292330742
berea_heldout_64_n200_s2,19,0,host_frontier,0.0009779692627489567
berea_heldout_64_n200_s2,19,1,roi,0.0003910320810973644
berea_heldout_64_n200_s2,19,2,persistent_frontier,0.0005543837323784828
berea_heldout_64_n200_s2,20,0,roi,0.00038936780765652657
berea_heldout_64_n200_s2,20,1,host_frontier,0.0009712507016956806
berea_heldout_64_n200_s2,20,2,persistent_frontier,0.0005554328672587872
berea_heldout_64_n200_s2,21,0,roi,0.00039079878479242325
berea_heldout_64_n200_s2,21,1,persistent_frontier,0.0005469671450555325
berea_heldout_64_n200_s2,21,2,host_frontier,0.000988229177892208
berea_heldout_64_n200_s2,22,0,persistent_frontier,0.0005533117800951004
berea_heldout_64_n200_s2,22,1,roi,0.000394308939576149
berea_heldout_64_n200_s2,22,2,host_frontier,0.000978242140263319
berea_heldout_64_n200_s2,23,0,persistent_frontier,0.0005583460442721844
berea_heldout_64_n200_s2,23,1,host_frontier,0.0009696180932223797
berea_heldout_64_n200_s2,23,2,roi,0.0003910469822585583
berea_heldout_64_n200_s2,24,0,host_frontier,0.0009750719182193279
berea_heldout_64_n200_s2,24,1,persistent_frontier,0.0005534621886909008
berea_heldout_64_n200_s2,24,2,roi,0.00039097806438803673
berea_heldout_64_n200_s2,25,0,host_frontier,0.000982413999736309
berea_heldout_64_n200_s2,25,1,roi,0.00039344700053334236
berea_heldout_64_n200_s2,25,2,persistent_frontier,0.0005543539300560951
berea_heldout_64_n200_s2,26,0,roi,0.0003915647976100445
berea_heldout_64_n200_s2,26,1,host_frontier,0.0009719296358525753
berea_heldout_64_n200_s2,26,2,persistent_frontier,0.000554520171135664
berea_heldout_64_n200_s2,27,0,roi,0.00039135804399847984
berea_heldout_64_n200_s2,27,1,persistent_frontier,0.000551269855350256
berea_heldout_64_n200_s2,27,2,host_frontier,0.0009809392504394054
berea_heldout_64_n200_s2,28,0,persistent_frontier,0.0005535092204809189
berea_heldout_64_n200_s2,28,1,roi,0.00038796616718173027
berea_heldout_64_n200_s2,28,2,host_frontier,0.0009749103337526321
berea_heldout_64_n200_s2,29,0,persistent_frontier,0.000554884783923626
berea_heldout_64_n200_s2,29,1,host_frontier,0.0009795809164643288
berea_heldout_64_n200_s2,29,2,roi,0.0003956989385187626
berea_heldout_64_n200_s2,30,0,host_frontier,0.0009711571037769318
berea_heldout_64_n200_s2,30,1,persistent_frontier,0.0005526947788894176
berea_heldout_64_n200_s2,30,2,roi,0.00039521511644124985
berea_heldout_64_n200_s2,31,0,host_frontier,0.0009797909297049046
berea_heldout_64_n200_s2,31,1,roi,0.0003900080919265747
berea_heldout_64_n200_s2,31,2,persistent_frontier,0.0005554510280489922
berea_heldout_64_n200_s2,32,0,roi,0.00038864417001605034
berea_heldout_64_n200_s2,32,1,host_frontier,0.000970739871263504
berea_heldout_64_n200_s2,32,2,persistent_frontier,0.0005567870102822781
berea_heldout_64_n200_s2,33,0,roi,0.00038817478343844414
berea_heldout_64_n200_s2,33,1,persistent_frontier,0.0005479445680975914
berea_heldout_64_n200_s2,33,2,host_frontier,0.000969987828284502
berea_heldout_64_n200_s2,34,0,persistent_frontier,0.0005506938323378563
berea_heldout_64_n200_s2,34,1,roi,0.00039085978642106056
berea_heldout_64_n200_s2,34,2,host_frontier,0.0009667701087892056
berea_heldout_64_n200_s2,35,0,persistent_frontier,0.0005516917444765568
berea_heldout_64_n200_s2,35,1,host_frontier,0.0009856931865215302
berea_heldout_64_n200_s2,35,2,roi,0.0003895550034940243
berea_heldout_64_n200_s2,36,0,host_frontier,0.000956196803599596
berea_heldout_64_n200_s2,36,1,persistent_frontier,0.0005521378479897976
berea_heldout_64_n200_s2,36,2,roi,0.0003883480094373226
berea_heldout_64_n200_s2,37,0,host_frontier,0.0009683649986982346
berea_heldout_64_n200_s2,37,1,roi,0.00038969097658991814
berea_heldout_64_n200_s2,37,2,persistent_frontier,0.0005508763715624809
berea_heldout_64_n200_s2,38,0,roi,0.00038695894181728363
berea_heldout_64_n200_s2,38,1,host_frontier,0.000981209333986044
berea_heldout_64_n200_s2,38,2,persistent_frontier,0.000555661041289568
berea_heldout_64_n200_s2,39,0,roi,0.0003912472166121006
berea_heldout_64_n200_s2,39,1,persistent_frontier,0.0005562794394791126
berea_heldout_64_n200_s2,39,2,host_frontier,0.0009761652909219265
berea_heldout_64_n200_s2,40,0,persistent_frontier,0.0005514719523489475
berea_heldout_64_n200_s2,40,1,roi,0.0003912895917892456
berea_heldout_64_n200_s2,40,2,host_frontier,0.0009755478240549564
berea_heldout_64_n200_s2,41,0,persistent_frontier,0.0005546989850699902
berea_heldout_64_n200_s2,41,1,host_frontier,0.0009729648008942604
berea_heldout_64_n200_s2,41,2,roi,0.0003926130011677742
berea_heldout_64_n200_s2,42,0,host_frontier,0.0009723640978336334
berea_heldout_64_n200_s2,42,1,persistent_frontier,0.0005533411167562008
berea_heldout_64_n200_s2,42,2,roi,0.0003899242728948593
berea_heldout_64_n200_s2,43,0,host_frontier,0.0009778519161045551
berea_heldout_64_n200_s2,43,1,roi,0.0003879191353917122
berea_heldout_64_n200_s2,43,2,persistent_frontier,0.000551518052816391
berea_heldout_64_n200_s2,44,0,roi,0.00038736220449209213
berea_heldout_64_n200_s2,44,1,host_frontier,0.0009638709016144276
berea_heldout_64_n200_s2,44,2,persistent_frontier,0.0005506826564669609
berea_heldout_64_n200_s2,45,0,roi,0.0003826320171356201
berea_heldout_64_n200_s2,45,1,persistent_frontier,0.000564218033105135
berea_heldout_64_n200_s2,45,2,host_frontier,0.0009761438705027103
berea_heldout_64_n200_s2,46,0,persistent_frontier,0.000549668911844492
berea_heldout_64_n200_s2,46,1,roi,0.0003887847997248173
berea_heldout_64_n200_s2,46,2,host_frontier,0.0009670821018517017
berea_heldout_64_n200_s2,47,0,persistent_frontier,0.0005524181760847569
berea_heldout_64_n200_s2,47,1,host_frontier,0.0009698383510112762
berea_heldout_64_n200_s2,47,2,roi,0.00039123790338635445
berea_heldout_64_n200_s2,48,0,host_frontier,0.0009788218885660172
berea_heldout_64_n200_s2,48,1,persistent_frontier,0.0005539162084460258
berea_heldout_64_n200_s2,48,2,roi,0.0003896337002515793
berea_heldout_64_n200_s2,49,0,host_frontier,0.0009669759310781956
berea_heldout_64_n200_s2,49,1,roi,0.0003858213312923908
berea_heldout_64_n200_s2,49,2,persistent_frontier,0.000556540209800005
berea_heldout_64_n200_s2,50,0,roi,0.00039526913315057755
berea_heldout_64_n200_s2,50,1,host_frontier,0.0009776419028639793
berea_heldout_64_n200_s2,50,2,persistent_frontier,0.0005530011840164661
berea_heldout_64_n800_s1,0,0,host_frontier,0.0003408440388739109
berea_heldout_64_n800_s1,0,1,persistent_frontier,0.0003283298574388027
berea_heldout_64_n800_s1,0,2,roi,0.00018838513642549515
berea_heldout_64_n800_s1,1,0,host_frontier,0.0003323587588965893
berea_heldout_64_n800_s1,1,1,roi,0.00018384214490652084
berea_heldout_64_n800_s1,1,2,persistent_frontier,0.00031658774241805077
berea_heldout_64_n800_s1,2,0,roi,0.00018951110541820526
berea_heldout_64_n800_s1,2,1,host_frontier,0.00033833691850304604
berea_heldout_64_n800_s1,2,2,persistent_frontier,0.0003179246559739113
berea_heldout_64_n800_s1,3,0,roi,0.00018786033615469933
berea_heldout_64_n800_s1,3,1,persistent_frontier,0.00031581195071339607
berea_heldout_64_n800_s1,3,2,host_frontier,0.00034164683893322945
berea_heldout_64_n800_s1,4,0,persistent_frontier,0.0003108740784227848
berea_heldout_64_n800_s1,4,1,roi,0.00018067797645926476
berea_heldout_64_n800_s1,4,2,host_frontier,0.0003360952250659466
berea_heldout_64_n800_s1,5,0,persistent_frontier,0.0003122440539300442
berea_heldout_64_n800_s1,5,1,host_frontier,0.00033489102497696877
berea_heldout_64_n800_s1,5,2,roi,0.00018201908096671104
berea_heldout_64_n800_s1,6,0,host_frontier,0.00032667117193341255
berea_heldout_64_n800_s1,6,1,persistent_frontier,0.0003087017685174942
berea_heldout_64_n800_s1,6,2,roi,0.00020313216373324394
berea_heldout_64_n800_s1,7,0,host_frontier,0.0003322931006550789
berea_heldout_64_n800_s1,7,1,roi,0.00018358184024691582
berea_heldout_64_n800_s1,7,2,persistent_frontier,0.00033463677391409874
berea_heldout_64_n800_s1,8,0,roi,0.0002979990094900131
berea_heldout_64_n800_s1,8,1,host_frontier,0.000642330851405859
berea_heldout_64_n800_s1,8,2,persistent_frontier,0.0005626101046800613
berea_heldout_64_n800_s1,9,0,roi,0.0003734799101948738
berea_heldout_64_n800_s1,9,1,persistent_frontier,0.0005556386895477772
berea_heldout_64_n800_s1,9,2,host_frontier,0.0005386113189160824
berea_heldout_64_n800_s1,10,0,persistent_frontier,0.006227266974747181
berea_heldout_64_n800_s1,10,1,roi,0.00048649078235030174
berea_heldout_64_n800_s1,10,2,host_frontier,0.0005678129382431507
berea_heldout_64_n800_s1,11,0,persistent_frontier,0.0005820612423121929
berea_heldout_64_n800_s1,11,1,host_frontier,0.000545945018529892
berea_heldout_64_n800_s1,11,2,roi,0.00038351817056536674
berea_heldout_64_n800_s1,12,0,host_frontier,0.0003374367952346802
berea_heldout_64_n800_s1,12,1,persistent_frontier,0.00031941989436745644
berea_heldout_64_n800_s1,12,2,roi,0.00019571185111999512
berea_heldout_64_n800_s1,13,0,host_frontier,0.0005415473133325577
berea_heldout_64_n800_s1,13,1,roi,0.0003485227935016155
berea_heldout_64_n800_s1,13,2,persistent_frontier,0.000538285356014967
berea_heldout_64_n800_s1,14,0,roi,0.00039396295323967934
berea_heldout_64_n800_s1,14,1,host_frontier,0.0004944619722664356
berea_heldout_64_n800_s1,14,2,persistent_frontier,0.0007572062313556671
berea_heldout_64_n800_s1,15,0,roi,0.004239646252244711
berea_heldout_64_n800_s1,15,1,persistent_frontier,0.002191093284636736
berea_heldout_64_n800_s1,15,2,host_frontier,0.0034552919678390026
berea_heldout_64_n800_s1,16,0,persistent_frontier,0.0010895472951233387
berea_heldout_64_n800_s1,16,1,roi,0.0004536006599664688
berea_heldout_64_n800_s1,16,2,host_frontier,0.0018525989726185799
berea_heldout_64_n800_s1,17,0,persistent_frontier,0.0025143357925117016
berea_heldout_64_n800_s1,17,1,host_frontier,0.0007320968434214592
berea_heldout_64_n800_s1,17,2,roi,0.0005306713283061981
berea_heldout_64_n800_s1,18,0,host_frontier,0.000765679869800806
berea_heldout_64_n800_s1,18,1,persistent_frontier,0.0004457598552107811
berea_heldout_64_n800_s1,18,2,roi,0.00018804892897605896
berea_heldout_64_n800_s1,19,0,host_frontier,0.00033183302730321884
berea_heldout_64_n800_s1,19,1,roi,0.00018630828708410263
berea_heldout_64_n800_s1,19,2,persistent_frontier,0.0003177518956363201
berea_heldout_64_n800_s1,20,0,roi,0.00018759304657578468
berea_heldout_64_n800_s1,20,1,host_frontier,0.00033062510192394257
berea_heldout_64_n800_s1,20,2,persistent_frontier,0.0003125169314444065
berea_heldout_64_n800_s1,21,0,roi,0.00018936814740300179
berea_heldout_64_n800_s1,21,1,persistent_frontier,0.00031975097954273224
berea_heldout_64_n800_s1,21,2,host_frontier,0.0003328700549900532
berea_heldout_64_n800_s1,22,0,persistent_frontier,0.0003122263588011265
berea_heldout_64_n800_s1,22,1,roi,0.0001855837181210518
berea_heldout_64_n800_s1,22,2,host_frontier,0.00033904891461133957
berea_heldout_64_n800_s1,23,0,persistent_frontier,0.00031417515128850937
berea_heldout_64_n800_s1,23,1,host_frontier,0.0003271722234785557
berea_heldout_64_n800_s1,23,2,roi,0.00018575694411993027
berea_heldout_64_n800_s1,24,0,host_frontier,0.00032898876816034317
berea_heldout_64_n800_s1,24,1,persistent_frontier,0.00031128106638789177
berea_heldout_64_n800_s1,24,2,roi,0.00018253130838274956
berea_heldout_64_n800_s1,25,0,host_frontier,0.00032290490344166756
berea_heldout_64_n800_s1,25,1,roi,0.00018154224380850792
berea_heldout_64_n800_s1,25,2,persistent_frontier,0.0003262059763073921
berea_heldout_64_n800_s1,26,0,roi,0.0001836288720369339
berea_heldout_64_n800_s1,26,1,host_frontier,0.0003405320458114147
berea_heldout_64_n800_s1,26,2,persistent_frontier,0.0003137029707431793
berea_heldout_64_n800_s1,27,0,roi,0.0001834430731832981
berea_heldout_64_n800_s1,27,1,persistent_frontier,0.0003157178871333599
berea_heldout_64_n800_s1,27,2,host_frontier,0.0003422698937356472
berea_heldout_64_n800_s1,28,0,persistent_frontier,0.00031599076464772224
berea_heldout_64_n800_s1,28,1,roi,0.00019288994371891022
berea_heldout_64_n800_s1,28,2,host_frontier,0.000329683069139719
berea_heldout_64_n800_s1,29,0,persistent_frontier,0.00031319214031100273
berea_heldout_64_n800_s1,29,1,host_frontier,0.00033748894929885864
berea_heldout_64_n800_s1,29,2,roi,0.000186859630048275
berea_heldout_64_n800_s1,30,0,host_frontier,0.00033026887103915215
berea_heldout_64_n800_s1,30,1,persistent_frontier,0.0003542057238519192
berea_heldout_64_n800_s1,30,2,roi,0.00018907012417912483
berea_heldout_64_n800_s1,31,0,host_frontier,0.0003319140523672104
berea_heldout_64_n800_s1,31,1,roi,0.00018570199608802795
berea_heldout_64_n800_s1,31,2,persistent_frontier,0.00032299477607011795
berea_heldout_64_n800_s1,32,0,roi,0.0001917448826134205
berea_heldout_64_n800_s1,32,1,host_frontier,0.0003356467932462692
berea_heldout_64_n800_s1,32,2,persistent_frontier,0.0003183353692293167
berea_heldout_64_n800_s1,33,0,roi,0.00018531689420342445
berea_heldout_64_n800_s1,33,1,persistent_frontier,0.00031531602144241333
berea_heldout_64_n800_s1,33,2,host_frontier,0.000330338254570961
berea_heldout_64_n800_s1,34,0,persistent_frontier,0.0003101639449596405
berea_heldout_64_n800_s1,34,1,roi,0.00018405821174383163
berea_heldout_64_n800_s1,34,2,host_frontier,0.00032688817009329796
berea_heldout_64_n800_s1,35,0,persistent_frontier,0.000311926007270813
berea_heldout_64_n800_s1,35,1,host_frontier,0.0003275838680565357
berea_heldout_64_n800_s1,35,2,roi,0.0001825392246246338
berea_heldout_64_n800_s1,36,0,host_frontier,0.0003292127512395382
berea_heldout_64_n800_s1,36,1,persistent_frontier,0.00031903618946671486
berea_heldout_64_n800_s1,36,2,roi,0.0002042842097580433
berea_heldout_64_n800_s1,37,0,host_frontier,0.0003375778906047344
berea_heldout_64_n800_s1,37,1,roi,0.00018467474728822708
berea_heldout_64_n800_s1,37,2,persistent_frontier,0.0003166431561112404
berea_heldout_64_n800_s1,38,0,roi,0.0001858249306678772
berea_heldout_64_n800_s1,38,1,host_frontier,0.0003280160017311573
berea_heldout_64_n800_s1,38,2,persistent_frontier,0.00031814491376280785
berea_heldout_64_n800_s1,39,0,roi,0.00018542073667049408
berea_heldout_64_n800_s1,39,1,persistent_frontier,0.00031618494540452957
berea_heldout_64_n800_s1,39,2,host_frontier,0.00033126305788755417
berea_heldout_64_n800_s1,40,0,persistent_frontier,0.00031725363805890083
berea_heldout_64_n800_s1,40,1,roi,0.00018983706831932068
berea_heldout_64_n800_s1,40,2,host_frontier,0.00032961228862404823
berea_heldout_64_n800_s1,41,0,persistent_frontier,0.0003157486207783222
berea_heldout_64_n800_s1,41,1,host_frontier,0.0003290441818535328
berea_heldout_64_n800_s1,41,2,roi,0.0001866980455815792
berea_heldout_64_n800_s1,42,0,host_frontier,0.0003277519717812538
berea_heldout_64_n800_s1,42,1,persistent_frontier,0.0003097248263657093
berea_heldout_64_n800_s1,42,2,roi,0.0001841341145336628
berea_heldout_64_n800_s1,43,0,host_frontier,0.0003249999135732651
berea_heldout_64_n800_s1,43,1,roi,0.00018012989312410355
berea_heldout_64_n800_s1,43,2,persistent_frontier,0.0003111632540822029
berea_heldout_64_n800_s1,44,0,roi,0.00018119392916560173
berea_heldout_64_n800_s1,44,1,host_frontier,0.0003309091553092003
berea_heldout_64_n800_s1,44,2,persistent_frontier,0.0003147539682686329
berea_heldout_64_n800_s1,45,0,roi,0.00019005313515663147
berea_heldout_64_n800_s1,45,1,persistent_frontier,0.0003115772269666195
berea_heldout_64_n800_s1,45,2,host_frontier,0.0003297319635748863
berea_heldout_64_n800_s1,46,0,persistent_frontier,0.00031666597351431847
berea_heldout_64_n800_s1,46,1,roi,0.0001880219206213951
berea_heldout_64_n800_s1,46,2,host_frontier,0.00032920390367507935
berea_heldout_64_n800_s1,47,0,persistent_frontier,0.000311149749904871
berea_heldout_64_n800_s1,47,1,host_frontier,0.0003254329785704613
berea_heldout_64_n800_s1,47,2,roi,0.00018354784697294235
berea_heldout_64_n800_s1,48,0,host_frontier,0.00032718386501073837
berea_heldout_64_n800_s1,48,1,persistent_frontier,0.0003115730360150337
berea_heldout_64_n800_s1,48,2,roi,0.00018108217045664787
berea_heldout_64_n800_s1,49,0,host_frontier,0.0003281286917626858
berea_heldout_64_n800_s1,49,1,roi,0.00017975922673940659
berea_heldout_64_n800_s1,49,2,persistent_frontier,0.0003136368468403816
berea_heldout_64_n800_s1,50,0,roi,0.0001859390176832676
berea_heldout_64_n800_s1,50,1,host_frontier,0.00032794196158647537
berea_heldout_64_n800_s1,50,2,persistent_frontier,0.0003106989897787571
berea_heldout_64_n800_s2,0,0,host_frontier,0.0006412072107195854
berea_heldout_64_n800_s2,0,1,persistent_frontier,0.00046472297981381416
berea_heldout_64_n800_s2,0,2,roi,0.00032073911279439926
berea_heldout_64_n800_s2,1,0,host_frontier,0.0006393440999090672
berea_heldout_64_n800_s2,1,1,roi,0.00031711021438241005
berea_heldout_64_n800_s2,1,2,persistent_frontier,0.0004615900106728077
berea_heldout_64_n800_s2,2,0,roi,0.0003257347270846367
berea_heldout_64_n800_s2,2,1,host_frontier,0.0006444682367146015
berea_heldout_64_n800_s2,2,2,persistent_frontier,0.00045889895409345627
berea_heldout_64_n800_s2,3,0,roi,0.00031930115073919296
berea_heldout_64_n800_s2,3,1,persistent_frontier,0.00045977113768458366
berea_heldout_64_n800_s2,3,2,host_frontier,0.0006344430148601532
berea_heldout_64_n800_s2,4,0,persistent_frontier,0.0004592500627040863
berea_heldout_64_n800_s2,4,1,roi,0.00031822826713323593
berea_heldout_64_n800_s2,4,2,host_frontier,0.0006392109207808971
berea_heldout_64_n800_s2,5,0,persistent_frontier,0.0004719458520412445
berea_heldout_64_n800_s2,5,1,host_frontier,0.0006451578810811043
berea_heldout_64_n800_s2,5,2,roi,0.0003249482251703739
berea_heldout_64_n800_s2,6,0,host_frontier,0.000634283758699894
berea_heldout_64_n800_s2,6,1,persistent_frontier,0.000459195114672184
berea_heldout_64_n800_s2,6,2,roi,0.00031872186809778214
berea_heldout_64_n800_s2,7,0,host_frontier,0.0006425697356462479
berea_heldout_64_n800_s2,7,1,roi,0.0003140750341117382
berea_heldout_64_n800_s2,7,2,persistent_frontier,0.00046208174899220467
berea_heldout_64_n800_s2,8,0,roi,0.00031667575240135193
berea_heldout_64_n800_s2,8,1,host_frontier,0.0006337021477520466
berea_heldout_64_n800_s2,8,2,persistent_frontier,0.00045643700286746025
berea_heldout_64_n800_s2,9,0,roi,0.0003194957971572876
berea_heldout_64_n800_s2,9,1,persistent_frontier,0.0004627821035683155
berea_heldout_64_n800_s2,9,2,host_frontier,0.0006370367482304573
berea_heldout_64_n800_s2,10,0,persistent_frontier,0.0004575778730213642
berea_heldout_64_n800_s2,10,1,roi,0.0003200750797986984
berea_heldout_64_n800_s2,10,2,host_frontier,0.0006375992670655251
berea_heldout_64_n800_s2,11,0,persistent_frontier,0.0004597264342010021
berea_heldout_64_n800_s2,11,1,host_frontier,0.0006368779577314854
berea_heldout_64_n800_s2,11,2,roi,0.00031939102336764336
berea_heldout_64_n800_s2,12,0,host_frontier,0.0006440728902816772
berea_heldout_64_n800_s2,12,1,persistent_frontier,0.0004582810215651989
berea_heldout_64_n800_s2,12,2,roi,0.00032126903533935547
berea_heldout_64_n800_s2,13,0,host_frontier,0.0006482643075287342
berea_heldout_64_n800_s2,13,1,roi,0.0003171688877046108
berea_heldout_64_n800_s2,13,2,persistent_frontier,0.0004618428647518158
berea_heldout_64_n800_s2,14,0,roi,0.00031714700162410736
berea_heldout_64_n800_s2,14,1,host_frontier,0.000634519848972559
berea_heldout_64_n800_s2,14,2,persistent_frontier,0.00046106474474072456
berea_heldout_64_n800_s2,15,0,roi,0.0003218301571905613
berea_heldout_64_n800_s2,15,1,persistent_frontier,0.00045966263860464096
berea_heldout_64_n800_s2,15,2,host_frontier,0.0006395638920366764
berea_heldout_64_n800_s2,16,0,persistent_frontier,0.000462912954390049
berea_heldout_64_n800_s2,16,1,roi,0.0003220061771571636
berea_heldout_64_n800_s2,16,2,host_frontier,0.0006354288198053837
berea_heldout_64_n800_s2,17,0,persistent_frontier,0.0004588691517710686
berea_heldout_64_n800_s2,17,1,host_frontier,0.000631324015557766
berea_heldout_64_n800_s2,17,2,roi,0.0003215251490473747
berea_heldout_64_n800_s2,18,0,host_frontier,0.0006376840174198151
berea_heldout_64_n800_s2,18,1,persistent_frontier,0.0004590442404150963
berea_heldout_64_n800_s2,18,2,roi,0.00031952420249581337
berea_heldout_64_n800_s2,19,0,host_frontier,0.0006437413394451141
berea_heldout_64_n800_s2,19,1,roi,0.00031594885513186455
berea_heldout_64_n800_s2,19,2,persistent_frontier,0.00045742280781269073
berea_heldout_64_n800_s2,20,0,roi,0.000317238736897707
berea_heldout_64_n800_s2,20,1,host_frontier,0.0006376579403877258
berea_heldout_64_n800_s2,20,2,persistent_frontier,0.0004824739880859852
berea_heldout_64_n800_s2,21,0,roi,0.00032185111194849014
berea_heldout_64_n800_s2,21,1,persistent_frontier,0.00046338513493537903
berea_heldout_64_n800_s2,21,2,host_frontier,0.0006399932317435741
berea_heldout_64_n800_s2,22,0,persistent_frontier,0.0004596058279275894
berea_heldout_64_n800_s2,22,1,roi,0.00032451096922159195
berea_heldout_64_n800_s2,22,2,host_frontier,0.0006210971623659134
berea_heldout_64_n800_s2,23,0,persistent_frontier,0.00045783910900354385
berea_heldout_64_n800_s2,23,1,host_frontier,0.0006340229883790016
berea_heldout_64_n800_s2,23,2,roi,0.0003154822625219822
berea_heldout_64_n800_s2,24,0,host_frontier,0.0006389771588146687
berea_heldout_64_n800_s2,24,1,persistent_frontier,0.0004700133576989174
berea_heldout_64_n800_s2,24,2,roi,0.00031600194051861763
berea_heldout_64_n800_s2,25,0,host_frontier,0.0006315712817013264
berea_heldout_64_n800_s2,25,1,roi,0.00031219515949487686
berea_heldout_64_n800_s2,25,2,persistent_frontier,0.00046658003702759743
berea_heldout_64_n800_s2,26,0,roi,0.00031766481697559357
berea_heldout_64_n800_s2,26,1,host_frontier,0.0006270101293921471
berea_heldout_64_n800_s2,26,2,persistent_frontier,0.0004597497172653675
berea_heldout_64_n800_s2,27,0,roi,0.00031660590320825577
berea_heldout_64_n800_s2,27,1,persistent_frontier,0.00046081701293587685
berea_heldout_64_n800_s2,27,2,host_frontier,0.0006380965933203697
berea_heldout_64_n800_s2,28,0,persistent_frontier,0.00045643793419003487
berea_heldout_64_n800_s2,28,1,roi,0.0003151348792016506
berea_heldout_64_n800_s2,28,2,host_frontier,0.0006305733695626259
berea_heldout_64_n800_s2,29,0,persistent_frontier,0.0004566079005599022
berea_heldout_64_n800_s2,29,1,host_frontier,0.0006341356784105301
berea_heldout_64_n800_s2,29,2,roi,0.0003163008950650692
berea_heldout_64_n800_s2,30,0,host_frontier,0.0006278711371123791
berea_heldout_64_n800_s2,30,1,persistent_frontier,0.00046161096543073654
berea_heldout_64_n800_s2,30,2,roi,0.00032290490344166756
berea_heldout_64_n800_s2,31,0,host_frontier,0.0006340309046208858
berea_heldout_64_n800_s2,31,1,roi,0.00031570298597216606
berea_heldout_64_n800_s2,31,2,persistent_frontier,0.0004597241058945656
berea_heldout_64_n800_s2,32,0,roi,0.00031812116503715515
berea_heldout_64_n800_s2,32,1,host_frontier,0.0006350739859044552
berea_heldout_64_n800_s2,32,2,persistent_frontier,0.0004557548090815544
berea_heldout_64_n800_s2,33,0,roi,0.0003150720149278641
berea_heldout_64_n800_s2,33,1,persistent_frontier,0.0004585147835314274
berea_heldout_64_n800_s2,33,2,host_frontier,0.000646526925265789
berea_heldout_64_n800_s2,34,0,persistent_frontier,0.00045629916712641716
berea_heldout_64_n800_s2,34,1,roi,0.0003173789009451866
berea_heldout_64_n800_s2,34,2,host_frontier,0.0006396910175681114
berea_heldout_64_n800_s2,35,0,persistent_frontier,0.00045896274968981743
berea_heldout_64_n800_s2,35,1,host_frontier,0.0006402567960321903
berea_heldout_64_n800_s2,35,2,roi,0.00031543802469968796
berea_heldout_64_n800_s2,36,0,host_frontier,0.0006342367269098759
berea_heldout_64_n800_s2,36,1,persistent_frontier,0.00045770686119794846
berea_heldout_64_n800_s2,36,2,roi,0.0003142012283205986
berea_heldout_64_n800_s2,37,0,host_frontier,0.0006377804093062878
berea_heldout_64_n800_s2,37,1,roi,0.0003154827281832695
berea_heldout_64_n800_s2,37,2,persistent_frontier,0.0004574251361191273
berea_heldout_64_n800_s2,38,0,roi,0.0003204299136996269
berea_heldout_64_n800_s2,38,1,host_frontier,0.000638874713331461
berea_heldout_64_n800_s2,38,2,persistent_frontier,0.00046489201486110687
berea_heldout_64_n800_s2,39,0,roi,0.0003191400319337845
berea_heldout_64_n800_s2,39,1,persistent_frontier,0.0004586358554661274
berea_heldout_64_n800_s2,39,2,host_frontier,0.0006426889449357986
berea_heldout_64_n800_s2,40,0,persistent_frontier,0.0004588472656905651
berea_heldout_64_n800_s2,40,1,roi,0.0003179800696671009
berea_heldout_64_n800_s2,40,2,host_frontier,0.0006316299550235271
berea_heldout_64_n800_s2,41,0,persistent_frontier,0.0004572691395878792
berea_heldout_64_n800_s2,41,1,host_frontier,0.0006392961367964745
berea_heldout_64_n800_s2,41,2,roi,0.0003218590281903744
berea_heldout_64_n800_s2,42,0,host_frontier,0.000625950749963522
berea_heldout_64_n800_s2,42,1,persistent_frontier,0.0004593711346387863
berea_heldout_64_n800_s2,42,2,roi,0.0003195088356733322
berea_heldout_64_n800_s2,43,0,host_frontier,0.0006293905898928642
berea_heldout_64_n800_s2,43,1,roi,0.0003162408247590065
berea_heldout_64_n800_s2,43,2,persistent_frontier,0.00045780930668115616
berea_heldout_64_n800_s2,44,0,roi,0.0003167809918522835
berea_heldout_64_n800_s2,44,1,host_frontier,0.0006304746493697166
berea_heldout_64_n800_s2,44,2,persistent_frontier,0.0004643411375582218
berea_heldout_64_n800_s2,45,0,roi,0.00031562522053718567
berea_heldout_64_n800_s2,45,1,persistent_frontier,0.00045726262032985687
berea_heldout_64_n800_s2,45,2,host_frontier,0.0006331121549010277
berea_heldout_64_n800_s2,46,0,persistent_frontier,0.0004544779658317566
berea_heldout_64_n800_s2,46,1,roi,0.00032223621383309364
berea_heldout_64_n800_s2,46,2,host_frontier,0.0006343158893287182
berea_heldout_64_n800_s2,47,0,persistent_frontier,0.000461735762655735
berea_heldout_64_n800_s2,47,1,host_frontier,0.000636677723377943
berea_heldout_64_n800_s2,47,2,roi,0.00031685596331954
berea_heldout_64_n800_s2,48,0,host_frontier,0.0006318842060863972
berea_heldout_64_n800_s2,48,1,persistent_frontier,0.0004572039470076561
berea_heldout_64_n800_s2,48,2,roi,0.0003143441863358021
berea_heldout_64_n800_s2,49,0,host_frontier,0.0006338995881378651
berea_heldout_64_n800_s2,49,1,roi,0.0003155423328280449
berea_heldout_64_n800_s2,49,2,persistent_frontier,0.0004616011865437031
berea_heldout_64_n800_s2,50,0,roi,0.0003249826841056347
berea_heldout_64_n800_s2,50,1,host_frontier,0.0006372849456965923
berea_heldout_64_n800_s2,50,2,persistent_frontier,0.000459540169686079
ptv10,0,0,host_frontier,0.0026499363593757153
ptv10,0,1,persistent_frontier,0.0009689959697425365
ptv10,0,2,roi,0.0004777591675519943
ptv10,1,0,host_frontier,0.0026435526087880135
ptv10,1,1,roi,0.0004649059846997261
ptv10,1,2,persistent_frontier,0.000973912887275219
ptv10,2,0,roi,0.0004872698336839676
ptv10,2,1,host_frontier,0.0026287208311259747
ptv10,2,2,persistent_frontier,0.0009774509817361832
ptv10,3,0,roi,0.000476327259093523
ptv10,3,1,persistent_frontier,0.0009772730991244316
ptv10,3,2,host_frontier,0.002645018044859171
ptv10,4,0,persistent_frontier,0.0009715310297906399
ptv10,4,1,roi,0.0004725349135696888
ptv10,4,2,host_frontier,0.002654703799635172
ptv10,5,0,persistent_frontier,0.0009684106335043907
ptv10,5,1,host_frontier,0.0026693069376051426
ptv10,5,2,roi,0.0004711751826107502
ptv10,6,0,host_frontier,0.002639864105731249
ptv10,6,1,persistent_frontier,0.0009811967611312866
ptv10,6,2,roi,0.0004718368873000145
ptv10,7,0,host_frontier,0.002648961264640093
ptv10,7,1,roi,0.0004642847925424576
ptv10,7,2,persistent_frontier,0.0009831120260059834
ptv10,8,0,roi,0.0004669511690735817
ptv10,8,1,host_frontier,0.002642594277858734
ptv10,8,2,persistent_frontier,0.0009723319672048092
ptv10,9,0,roi,0.00047420989722013474
ptv10,9,1,persistent_frontier,0.0009708111174404621
ptv10,9,2,host_frontier,0.002633537631481886
ptv10,10,0,persistent_frontier,0.0009713009931147099
ptv10,10,1,roi,0.00048147281631827354
ptv10,10,2,host_frontier,0.0026154592633247375
ptv10,11,0,persistent_frontier,0.0009707780554890633
ptv10,11,1,host_frontier,0.0026116869412362576
ptv10,11,2,roi,0.0004687760956585407
ptv10,12,0,host_frontier,0.0026344810612499714
ptv10,12,1,persistent_frontier,0.0009727249853312969
ptv10,12,2,roi,0.00047011813148856163
ptv10,13,0,host_frontier,0.003622711170464754
ptv10,13,1,roi,0.0007204026915132999
ptv10,13,2,persistent_frontier,0.0014096940867602825
ptv10,14,0,roi,0.0006588539108633995
ptv10,14,1,host_frontier,0.010192316956818104
ptv10,14,2,persistent_frontier,0.0013781539164483547
ptv10,15,0,roi,0.0006758491508662701
ptv10,15,1,persistent_frontier,0.0018870560452342033
ptv10,15,2,host_frontier,0.013238886836916208
ptv10,16,0,persistent_frontier,0.0014257179573178291
ptv10,16,1,roi,0.0007154182530939579
ptv10,16,2,host_frontier,0.0037803691811859608
ptv10,17,0,persistent_frontier,0.0009755007922649384
ptv10,17,1,host_frontier,0.0026219491846859455
ptv10,17,2,roi,0.00046802498400211334
ptv10,18,0,host_frontier,0.0026519992388784885
ptv10,18,1,persistent_frontier,0.0009741769172251225
ptv10,18,2,roi,0.0004792432300746441
ptv10,19,0,host_frontier,0.002656320109963417
ptv10,19,1,roi,0.00047285808250308037
ptv10,19,2,persistent_frontier,0.000979732722043991
ptv10,20,0,roi,0.0004782099276781082
ptv10,20,1,host_frontier,0.002678035758435726
ptv10,20,2,persistent_frontier,0.0009771119803190231
ptv10,21,0,roi,0.00048079714179039
ptv10,21,1,persistent_frontier,0.0009751841425895691
ptv10,21,2,host_frontier,0.0026320619508624077
ptv10,22,0,persistent_frontier,0.0009693847969174385
ptv10,22,1,roi,0.00047954684123396873
ptv10,22,2,host_frontier,0.002650217153131962
ptv10,23,0,persistent_frontier,0.0009774025529623032
ptv10,23,1,host_frontier,0.002693304792046547
ptv10,23,2,roi,0.0004736059345304966
ptv10,24,0,host_frontier,0.002648246008902788
ptv10,24,1,persistent_frontier,0.0009724400006234646
ptv10,24,2,roi,0.00047574983909726143
ptv10,25,0,host_frontier,0.0026534958742558956
ptv10,25,1,roi,0.0004664990119636059
ptv10,25,2,persistent_frontier,0.0009736730717122555
ptv10,26,0,roi,0.0004868479445576668
ptv10,26,1,host_frontier,0.0026724091731011868
ptv10,26,2,persistent_frontier,0.0009759240783751011
ptv10,27,0,roi,0.0004741651937365532
ptv10,27,1,persistent_frontier,0.0009729517623782158
ptv10,27,2,host_frontier,0.002682108897715807
ptv10,28,0,persistent_frontier,0.0009754151105880737
ptv10,28,1,roi,0.0004787398502230644
ptv10,28,2,host_frontier,0.002655073069036007
ptv10,29,0,persistent_frontier,0.0009713112376630306
ptv10,29,1,host_frontier,0.0026712981052696705
ptv10,29,2,roi,0.0004681381396949291
ptv10,30,0,host_frontier,0.002656412310898304
ptv10,30,1,persistent_frontier,0.000975689385086298
ptv10,30,2,roi,0.0004770788364112377
ptv10,31,0,host_frontier,0.002676800824701786
ptv10,31,1,roi,0.0004624282009899616
ptv10,31,2,persistent_frontier,0.0009788651950657368
ptv10,32,0,roi,0.00047244084998965263
ptv10,32,1,host_frontier,0.0026590763591229916
ptv10,32,2,persistent_frontier,0.0009684283286333084
ptv10,33,0,roi,0.0004725223407149315
ptv10,33,1,persistent_frontier,0.0009818430989980698
ptv10,33,2,host_frontier,0.002670207992196083
ptv10,34,0,persistent_frontier,0.0009731310419738293
ptv10,34,1,roi,0.0004810262471437454
ptv10,34,2,host_frontier,0.00262095732614398
ptv10,35,0,persistent_frontier,0.0009750407189130783
ptv10,35,1,host_frontier,0.0026327180676162243
ptv10,35,2,roi,0.00046306801959872246
ptv10,36,0,host_frontier,0.002634586300700903
ptv10,36,1,persistent_frontier,0.0009710332378745079
ptv10,36,2,roi,0.00047609303146600723
ptv10,37,0,host_frontier,0.0026501119136810303
ptv10,37,1,roi,0.0004685390740633011
ptv10,37,2,persistent_frontier,0.0009795557707548141
ptv10,38,0,roi,0.0004734029062092304
ptv10,38,1,host_frontier,0.0026059183292090893
ptv10,38,2,persistent_frontier,0.000975131057202816
ptv10,39,0,roi,0.00046766968443989754
ptv10,39,1,persistent_frontier,0.0009728963486850262
ptv10,39,2,host_frontier,0.0026320377364754677
ptv10,40,0,persistent_frontier,0.000969132874161005
ptv10,40,1,roi,0.00047466205433011055
ptv10,40,2,host_frontier,0.002662582788616419
ptv10,41,0,persistent_frontier,0.000977126881480217
ptv10,41,1,host_frontier,0.0026738489978015423
ptv10,41,2,roi,0.0004689558409154415
ptv10,42,0,host_frontier,0.0026505282148718834
ptv10,42,1,persistent_frontier,0.0009693452157080173
ptv10,42,2,roi,0.0004675579257309437
ptv10,43,0,host_frontier,0.0026257620193064213
ptv10,43,1,roi,0.00046151410788297653
ptv10,43,2,persistent_frontier,0.000973195768892765
ptv10,44,0,roi,0.00047152815386652946
ptv10,44,1,host_frontier,0.002635850105434656
ptv10,44,2,persistent_frontier,0.0009732451289892197
ptv10,45,0,roi,0.00047670677304267883
ptv10,45,1,persistent_frontier,0.0009709610603749752
ptv10,45,2,host_frontier,0.002672176342457533
ptv10,46,0,persistent_frontier,0.0009731389582157135
ptv10,46,1,roi,0.0004755081608891487
ptv10,46,2,host_frontier,0.0026421789079904556
ptv10,47,0,persistent_frontier,0.0009692339226603508
ptv10,47,1,host_frontier,0.0026206099428236485
ptv10,47,2,roi,0.0004667402245104313
ptv10,48,0,host_frontier,0.0026637129485607147
ptv10,48,1,persistent_frontier,0.000970789697021246
ptv10,48,2,roi,0.0004747258499264717
ptv10,49,0,host_frontier,0.0026480532251298428
ptv10,49,1,roi,0.0004632691852748394
ptv10,49,2,persistent_frontier,0.0009701931849122047
ptv10,50,0,roi,0.0004697507247328758
ptv10,50,1,host_frontier,0.002657415345311165
ptv10,50,2,persistent_frontier,0.0009632338769733906
ptv10,51,0,roi,0.00047426018863916397
ptv10,51,1,persistent_frontier,0.0009697177447378635
ptv10,51,2,host_frontier,0.0026657111011445522
ptv10,52,0,persistent_frontier,0.0009676679037511349
ptv10,52,1,roi,0.00047661829739809036
ptv10,52,2,host_frontier,0.002619190141558647
ptv10,53,0,persistent_frontier,0.0009712791070342064
ptv10,53,1,host_frontier,0.002620314247906208
ptv10,53,2,roi,0.0004631481133401394
ptv10,54,0,host_frontier,0.002631549723446369
ptv10,54,1,persistent_frontier,0.000965651124715805
ptv10,54,2,roi,0.0004731430672109127
ptv10,55,0,host_frontier,0.0026489133015275
ptv10,55,1,roi,0.00047135911881923676
ptv10,55,2,persistent_frontier,0.0009689037688076496
ptv10,56,0,roi,0.0004723770543932915
ptv10,56,1,host_frontier,0.0026670340448617935
ptv10,56,2,persistent_frontier,0.0009681638330221176
ptv10,57,0,roi,0.0004769801162183285
ptv10,57,1,persistent_frontier,0.001365868840366602
ptv10,57,2,host_frontier,0.010629599913954735
ptv10,58,0,persistent_frontier,0.001370724756270647
ptv10,58,1,roi,0.0006884709000587463
ptv10,58,2,host_frontier,0.012861129362136126
ptv10,59,0,persistent_frontier,0.002992172259837389
ptv10,59,1,host_frontier,0.004628347232937813
ptv10,59,2,roi,0.0007167537696659565
ptv10,60,0,host_frontier,0.003234065603464842
ptv10,60,1,persistent_frontier,0.0009775180369615555
ptv10,60,2,roi,0.0004816995933651924
ptv10,61,0,host_frontier,0.0026464038528501987
ptv10,61,1,roi,0.00046972790732979774
ptv10,61,2,persistent_frontier,0.0009755012579262257
ptv10,62,0,roi,0.0004769619554281235
ptv10,62,1,host_frontier,0.0026539061218500137
ptv10,62,2,persistent_frontier,0.0009758318774402142
ptv10,63,0,roi,0.00047791097313165665
ptv10,63,1,persistent_frontier,0.0009697237983345985
ptv10,63,2,host_frontier,0.002637858036905527
ptv10,64,0,persistent_frontier,0.0009677321650087833
ptv10,64,1,roi,0.00047410279512405396
ptv10,64,2,host_frontier,0.0026424117386341095
ptv10,65,0,persistent_frontier,0.0009748367592692375
ptv10,65,1,host_frontier,0.002646795939654112
ptv10,65,2,roi,0.00046239979565143585
ptv10,66,0,host_frontier,0.0026457407511770725
ptv10,66,1,persistent_frontier,0.000968733336776495
ptv10,66,2,roi,0.00047056470066308975
ptv10,67,0,host_frontier,0.002648396883159876
ptv10,67,1,roi,0.0004657479003071785
ptv10,67,2,persistent_frontier,0.0009748870506882668
ptv10,68,0,roi,0.00047161662951111794
ptv10,68,1,host_frontier,0.002631296869367361
ptv10,68,2,persistent_frontier,0.0009667333215475082
ptv10,69,0,roi,0.00046860799193382263
ptv10,69,1,persistent_frontier,0.0009693489409983158
ptv10,69,2,host_frontier,0.0026546060107648373
ptv10,70,0,persistent_frontier,0.0009667552076280117
ptv10,70,1,roi,0.00048013171181082726
ptv10,70,2,host_frontier,0.0033915461972355843
ptv10,71,0,persistent_frontier,0.0014042588882148266
ptv10,71,1,host_frontier,0.007226529065519571
ptv10,71,2,roi,0.0016511427238583565
ptv10,72,0,host_frontier,0.0045382119715213776
ptv10,72,1,persistent_frontier,0.0020268443040549755
ptv10,72,2,roi,0.000732847023755312
ptv10,73,0,host_frontier,0.014912208076566458
ptv10,73,1,roi,0.0006969310343265533
ptv10,73,2,persistent_frontier,0.0014229011721909046
ptv10,74,0,roi,0.0006933272816240788
ptv10,74,1,host_frontier,0.0028036506846547127
ptv10,74,2,persistent_frontier,0.0009709736332297325
ptv10,75,0,roi,0.00047993380576372147
ptv10,75,1,persistent_frontier,0.0009788679890334606
ptv10,75,2,host_frontier,0.00267841387540102
ptv10,76,0,persistent_frontier,0.0009696725755929947
ptv10,76,1,roi,0.00048158084973692894
ptv10,76,2,host_frontier,0.002669753972440958
ptv10,77,0,persistent_frontier,0.0009664446115493774
ptv10,77,1,host_frontier,0.002648117020726204
ptv10,77,2,roi,0.0004719109274446964
ptv10,78,0,host_frontier,0.002623323816806078
ptv10,78,1,persistent_frontier,0.0009688809514045715
ptv10,78,2,roi,0.00047688325867056847
ptv10,79,0,host_frontier,0.002632805146276951
ptv10,79,1,roi,0.0004706699401140213
ptv10,79,2,persistent_frontier,0.0009745140559971333
ptv10,80,0,roi,0.00047092512249946594
ptv10,80,1,host_frontier,0.002640828024595976
ptv10,80,2,persistent_frontier,0.0009743189439177513
ptv10,81,0,roi,0.0004773922264575958
ptv10,81,1,persistent_frontier,0.0009698229841887951
ptv10,81,2,host_frontier,0.0026360503397881985
ptv10,82,0,persistent_frontier,0.000974155031144619
ptv10,82,1,roi,0.00047550396993756294
ptv10,82,2,host_frontier,0.002656973898410797
ptv10,83,0,persistent_frontier,0.0009757638908922672
ptv10,83,1,host_frontier,0.0026285829953849316
ptv10,83,2,roi,0.00046537211164832115
ptv10,84,0,host_frontier,0.002651546150445938
ptv10,84,1,persistent_frontier,0.0009778756648302078
ptv10,84,2,roi,0.00048185791820287704
ptv10,85,0,host_frontier,0.002631046809256077
ptv10,85,1,roi,0.00046194298192858696
ptv10,85,2,persistent_frontier,0.0009751860052347183
ptv10,86,0,roi,0.00047641200944781303
ptv10,86,1,host_frontier,0.0026427321135997772
ptv10,86,2,persistent_frontier,0.0009725210256874561
ptv10,87,0,roi,0.00047619687393307686
ptv10,87,1,persistent_frontier,0.0009732889011502266
ptv10,87,2,host_frontier,0.0026469193398952484
ptv10,88,0,persistent_frontier,0.0009683147072792053
ptv10,88,1,roi,0.00047266529873013496
ptv10,88,2,host_frontier,0.0032726582139730453
ptv10,89,0,persistent_frontier,0.0014187311753630638
ptv10,89,1,host_frontier,0.008987339213490486
ptv10,89,2,roi,0.000693012960255146
ptv10,90,0,host_frontier,0.004622370935976505
ptv10,90,1,persistent_frontier,0.002196329180151224
ptv10,90,2,roi,0.00189911387860775
ptv10,91,0,host_frontier,0.011993769090622663
ptv10,91,1,roi,0.0006849854253232479
ptv10,91,2,persistent_frontier,0.0014333897270262241
ptv10,92,0,roi,0.0006931810639798641
ptv10,92,1,host_frontier,0.0030223187059164047
ptv10,92,2,persistent_frontier,0.0009796097874641418
ptv10,93,0,roi,0.00048458995297551155
ptv10,93,1,persistent_frontier,0.00097325025126338
ptv10,93,2,host_frontier,0.0026434147730469704
ptv10,94,0,persistent_frontier,0.0009713182225823402
ptv10,94,1,roi,0.00047759199514985085
ptv10,94,2,host_frontier,0.0026223487220704556
ptv10,95,0,persistent_frontier,0.0009681172668933868
ptv10,95,1,host_frontier,0.0026249662041664124
ptv10,95,2,roi,0.0004690154455602169
ptv10,96,0,host_frontier,0.0026487628929316998
ptv10,96,1,persistent_frontier,0.0009675947949290276
ptv10,96,2,roi,0.00047687673941254616
ptv10,97,0,host_frontier,0.0026506432332098484
ptv10,97,1,roi,0.00047032395377755165
ptv10,97,2,persistent_frontier,0.0009814961813390255
ptv10,98,0,roi,0.0004779859445989132
ptv10,98,1,host_frontier,0.0026289597153663635
ptv10,98,2,persistent_frontier,0.0009684339165687561
ptv10,99,0,roi,0.0004707290790975094
ptv10,99,1,persistent_frontier,0.0009694839827716351
ptv10,99,2,host_frontier,0.0026235519908368587
ptv10,100,0,persistent_frontier,0.0009693438187241554
ptv10,100,1,roi,0.00047744903713464737
ptv10,100,2,host_frontier,0.0026492136530578136
ptv50,0,0,host_frontier,0.001706256065517664
ptv50,0,1,persistent_frontier,0.0007184497080743313
ptv50,0,2,roi,0.0002789180725812912
ptv50,1,0,host_frontier,0.0017090369947254658
ptv50,1,1,roi,0.00027281325310468674
ptv50,1,2,persistent_frontier,0.0007204199209809303
ptv50,2,0,roi,0.0002690399996936321
ptv50,2,1,host_frontier,0.0017016907222568989
ptv50,2,2,persistent_frontier,0.0007105846889317036
ptv50,3,0,roi,0.0002661249600350857
ptv50,3,1,persistent_frontier,0.0007100929506123066
ptv50,3,2,host_frontier,0.001709683332592249
ptv50,4,0,persistent_frontier,0.0007119867950677872
ptv50,4,1,roi,0.00027303677052259445
ptv50,4,2,host_frontier,0.0016804379411041737
ptv50,5,0,persistent_frontier,0.0007137279026210308
ptv50,5,1,host_frontier,0.0016979300417006016
ptv50,5,2,roi,0.00027365004643797874
ptv50,6,0,host_frontier,0.0017123818397521973
ptv50,6,1,persistent_frontier,0.0007120920345187187
ptv50,6,2,roi,0.00027558067813515663
ptv50,7,0,host_frontier,0.0016898713074624538
ptv50,7,1,roi,0.00027037784457206726
ptv50,7,2,persistent_frontier,0.0007203160785138607
ptv50,8,0,roi,0.00027173617854714394
ptv50,8,1,host_frontier,0.0017007049173116684
ptv50,8,2,persistent_frontier,0.0007116012275218964
ptv50,9,0,roi,0.0002719131298363209
ptv50,9,1,persistent_frontier,0.0007110717706382275
ptv50,9,2,host_frontier,0.0017028632573783398
ptv50,10,0,persistent_frontier,0.0007094833999872208
ptv50,10,1,roi,0.00026722997426986694
ptv50,10,2,host_frontier,0.0016863723285496235
ptv50,11,0,persistent_frontier,0.0007137688808143139
ptv50,11,1,host_frontier,0.0017077750526368618
ptv50,11,2,roi,0.0002753268927335739
ptv50,12,0,host_frontier,0.0017295163124799728
ptv50,12,1,persistent_frontier,0.0007167402654886246
ptv50,12,2,roi,0.0002733757719397545
ptv50,13,0,host_frontier,0.0016824109479784966
ptv50,13,1,roi,0.0002775769680738449
ptv50,13,2,persistent_frontier,0.0007243561558425426
ptv50,14,0,roi,0.00027191778644919395
ptv50,14,1,host_frontier,0.001706899143755436
ptv50,14,2,persistent_frontier,0.0007111360318958759
ptv50,15,0,roi,0.00026709679514169693
ptv50,15,1,persistent_frontier,0.000721657183021307
ptv50,15,2,host_frontier,0.0016939043998718262
ptv50,16,0,persistent_frontier,0.0007100082002580166
ptv50,16,1,roi,0.0002768291160464287
ptv50,16,2,host_frontier,0.0016932757571339607
ptv50,17,0,persistent_frontier,0.0007091336883604527
ptv50,17,1,host_frontier,0.0017131832428276539
ptv50,17,2,roi,0.00027573108673095703
ptv50,18,0,host_frontier,0.0016961009241640568
ptv50,18,1,persistent_frontier,0.0007089530117809772
ptv50,18,2,roi,0.0002756081521511078
ptv50,19,0,host_frontier,0.0017216270789504051
ptv50,19,1,roi,0.0002726297825574875
ptv50,19,2,persistent_frontier,0.0007141558453440666
ptv50,20,0,roi,0.00027035176753997803
ptv50,20,1,host_frontier,0.0017022029496729374
ptv50,20,2,persistent_frontier,0.000708406325429678
ptv50,21,0,roi,0.0002722982317209244
ptv50,21,1,persistent_frontier,0.0007081162184476852
ptv50,21,2,host_frontier,0.0017106072045862675
ptv50,22,0,persistent_frontier,0.0007037371397018433
ptv50,22,1,roi,0.00027148984372615814
ptv50,22,2,host_frontier,0.0017032097093760967
ptv50,23,0,persistent_frontier,0.0007094759494066238
ptv50,23,1,host_frontier,0.0016845078207552433
ptv50,23,2,roi,0.00027490733191370964
ptv50,24,0,host_frontier,0.0017204978503286839
ptv50,24,1,persistent_frontier,0.0007093576714396477
ptv50,24,2,roi,0.0002756980247795582
ptv50,25,0,host_frontier,0.0017010062001645565
ptv50,25,1,roi,0.00026956573128700256
ptv50,25,2,persistent_frontier,0.0007083048112690449
ptv50,26,0,roi,0.00026879506185650826
ptv50,26,1,host_frontier,0.0016952636651694775
ptv50,26,2,persistent_frontier,0.0007071257568895817
ptv50,27,0,roi,0.00027592480182647705
ptv50,27,1,persistent_frontier,0.0007182671688497066
ptv50,27,2,host_frontier,0.0017121797427535057
ptv50,28,0,persistent_frontier,0.0007121572270989418
ptv50,28,1,roi,0.000271389726549387
ptv50,28,2,host_frontier,0.0022406750358641148
ptv50,29,0,persistent_frontier,0.0010822811163961887
ptv50,29,1,host_frontier,0.0026442022062838078
ptv50,29,2,roi,0.0004163328558206558
ptv50,30,0,host_frontier,0.0023658587597310543
ptv50,30,1,persistent_frontier,0.0009175878949463367
ptv50,30,2,roi,0.00037587108090519905
ptv50,31,0,host_frontier,0.0020263311453163624
ptv50,31,1,roi,0.0003509530797600746
ptv50,31,2,persistent_frontier,0.0008800579234957695
ptv50,32,0,roi,0.0003438456915318966
ptv50,32,1,host_frontier,0.0018294472247362137
ptv50,32,2,persistent_frontier,0.0008271960541605949
ptv50,33,0,roi,0.0003179316408932209
ptv50,33,1,persistent_frontier,0.0008168509230017662
ptv50,33,2,host_frontier,0.0017035510390996933
ptv50,34,0,persistent_frontier,0.0007874271832406521
ptv50,34,1,roi,0.0003123302012681961
ptv50,34,2,host_frontier,0.0016315910033881664
ptv50,35,0,persistent_frontier,0.0007738638669252396
ptv50,35,1,host_frontier,0.0016716429963707924
ptv50,35,2,roi,0.0002958211116492748
ptv50,36,0,host_frontier,0.0017209169454872608
ptv50,36,1,persistent_frontier,0.0007141809910535812
ptv50,36,2,roi,0.0002743620425462723
ptv50,37,0,host_frontier,0.0016821627505123615
ptv50,37,1,roi,0.0002716672606766224
ptv50,37,2,persistent_frontier,0.0008505913428962231
ptv50,38,0,roi,0.0004134750925004482
ptv50,38,1,host_frontier,0.005834586918354034
ptv50,38,2,persistent_frontier,0.0010630609467625618
ptv50,39,0,roi,0.00044490909203886986
ptv50,39,1,persistent_frontier,0.0009218892082571983
ptv50,39,2,host_frontier,0.007016940973699093
ptv50,40,0,persistent_frontier,0.001508168876171112
ptv50,40,1,roi,0.0004141610115766525
ptv50,40,2,host_frontier,0.0027640792541205883
ptv50,41,0,persistent_frontier,0.0008681928738951683
ptv50,41,1,host_frontier,0.001764398068189621
ptv50,41,2,roi,0.00028991885483264923
ptv50,42,0,host_frontier,0.0017135031521320343
ptv50,42,1,persistent_frontier,0.0007211384363472462
ptv50,42,2,roi,0.0002812999300658703
ptv50,43,0,host_frontier,0.0017151301726698875
ptv50,43,1,roi,0.0002790438011288643
ptv50,43,2,persistent_frontier,0.0007258430123329163
ptv50,44,0,roi,0.0002771127037703991
ptv50,44,1,host_frontier,0.0017074868083000183
ptv50,44,2,persistent_frontier,0.0007153959013521671
ptv50,45,0,roi,0.0002750740386545658
ptv50,45,1,persistent_frontier,0.0007143602706491947
ptv50,45,2,host_frontier,0.0016945172101259232
ptv50,46,0,persistent_frontier,0.0007087560370564461
ptv50,46,1,roi,0.00027116062119603157
ptv50,46,2,host_frontier,0.0017111869528889656
ptv50,47,0,persistent_frontier,0.0007117968052625656
ptv50,47,1,host_frontier,0.0017023207619786263
ptv50,47,2,roi,0.000279031228274107
ptv50,48,0,host_frontier,0.0017130221240222454
ptv50,48,1,persistent_frontier,0.0007304861210286617
ptv50,48,2,roi,0.0002742907963693142
ptv50,49,0,host_frontier,0.0017031561583280563
ptv50,49,1,roi,0.0002728160470724106
ptv50,49,2,persistent_frontier,0.0007158583030104637
ptv50,50,0,roi,0.00027213525027036667
ptv50,50,1,host_frontier,0.001706529874354601
ptv50,50,2,persistent_frontier,0.0007147956639528275
ptv50,51,0,roi,0.0002734367735683918
ptv50,51,1,persistent_frontier,0.0007184608839452267
ptv50,51,2,host_frontier,0.0016827201470732689
ptv50,52,0,persistent_frontier,0.0007138880901038647
ptv50,52,1,roi,0.00027700792998075485
ptv50,52,2,host_frontier,0.001711471937596798
ptv50,53,0,persistent_frontier,0.0007134638726711273
ptv50,53,1,host_frontier,0.0017216131091117859
ptv50,53,2,roi,0.00027270568534731865
ptv50,54,0,host_frontier,0.0016937707550823689
ptv50,54,1,persistent_frontier,0.0007086917757987976
ptv50,54,2,roi,0.0002739890478551388
ptv50,55,0,host_frontier,0.001720375381410122
ptv50,55,1,roi,0.0002720593474805355
ptv50,55,2,persistent_frontier,0.0007132841274142265
ptv50,56,0,roi,0.0002738889306783676
ptv50,56,1,host_frontier,0.0017056833021342754
ptv50,56,2,persistent_frontier,0.0007142839021980762
ptv50,57,0,roi,0.00027212919667363167
ptv50,57,1,persistent_frontier,0.000716550275683403
ptv50,57,2,host_frontier,0.001692604273557663
ptv50,58,0,persistent_frontier,0.0007049501873552799
ptv50,58,1,roi,0.00027256086468696594
ptv50,58,2,host_frontier,0.0016883560456335545
ptv50,59,0,persistent_frontier,0.0007145628333091736
ptv50,59,1,host_frontier,0.0016682702116668224
ptv50,59,2,roi,0.0002703070640563965
ptv50,60,0,host_frontier,0.0016993498429656029
ptv50,60,1,persistent_frontier,0.0007112380117177963
ptv50,60,2,roi,0.0002703978680074215
ptv50,61,0,host_frontier,0.0017016148194670677
ptv50,61,1,roi,0.00026932312175631523
ptv50,61,2,persistent_frontier,0.0007158117368817329
ptv50,62,0,roi,0.00027106795459985733
ptv50,62,1,host_frontier,0.0016923756338655949
ptv50,62,2,persistent_frontier,0.0007114391773939133
ptv50,63,0,roi,0.00026958901435136795
ptv50,63,1,persistent_frontier,0.00071377819404006
ptv50,63,2,host_frontier,0.0017137140966951847
ptv50,64,0,persistent_frontier,0.0007155961357057095
ptv50,64,1,roi,0.0002772263251245022
ptv50,64,2,host_frontier,0.0016873939894139767
ptv50,65,0,persistent_frontier,0.0007154443301260471
ptv50,65,1,host_frontier,0.0016873618587851524
ptv50,65,2,roi,0.00027393409982323647
ptv50,66,0,host_frontier,0.0017202249728143215
ptv50,66,1,persistent_frontier,0.0007072500884532928
ptv50,66,2,roi,0.00027329009026288986
ptv50,67,0,host_frontier,0.0016938131302595139
ptv50,67,1,roi,0.00027106422930955887
ptv50,67,2,persistent_frontier,0.0007127122953534126
ptv50,68,0,roi,0.0002721180208027363
ptv50,68,1,host_frontier,0.0016695610247552395
ptv50,68,2,persistent_frontier,0.0007099299691617489
ptv50,69,0,roi,0.0002713669091463089
ptv50,69,1,persistent_frontier,0.0007089930586516857
ptv50,69,2,host_frontier,0.001717698760330677
ptv50,70,0,persistent_frontier,0.0007094810716807842
ptv50,70,1,roi,0.00027174875140190125
ptv50,70,2,host_frontier,0.0016947989352047443
ptv50,71,0,persistent_frontier,0.0007075169123709202
ptv50,71,1,host_frontier,0.001699085347354412
ptv50,71,2,roi,0.00027045467868447304
ptv50,72,0,host_frontier,0.0017040078528225422
ptv50,72,1,persistent_frontier,0.0007127183489501476
ptv50,72,2,roi,0.0002728477120399475
ptv50,73,0,host_frontier,0.0016962331719696522
ptv50,73,1,roi,0.0002679750323295593
ptv50,73,2,persistent_frontier,0.0007107141427695751
ptv50,74,0,roi,0.00026925792917609215
ptv50,74,1,host_frontier,0.001691719051450491
ptv50,74,2,persistent_frontier,0.0007117860950529575
ptv50,75,0,roi,0.0002704518847167492
ptv50,75,1,persistent_frontier,0.0007129320874810219
ptv50,75,2,host_frontier,0.0017027007415890694
ptv50,76,0,persistent_frontier,0.0007130661979317665
ptv50,76,1,roi,0.0002751220017671585
ptv50,76,2,host_frontier,0.00167127326130867
ptv50,77,0,persistent_frontier,0.0007140268571674824
ptv50,77,1,host_frontier,0.0017130160704255104
ptv50,77,2,roi,0.0002722740173339844
ptv50,78,0,host_frontier,0.001690613105893135
ptv50,78,1,persistent_frontier,0.0007086452096700668
ptv50,78,2,roi,0.0002733343280851841
ptv50,79,0,host_frontier,0.0017053992487490177
ptv50,79,1,roi,0.00027077319100499153
ptv50,79,2,persistent_frontier,0.000715882983058691
ptv50,80,0,roi,0.0002745273523032665
ptv50,80,1,host_frontier,0.0017026960849761963
ptv50,80,2,persistent_frontier,0.0007122820243239403
ptv50,81,0,roi,0.0002712639980018139
ptv50,81,1,persistent_frontier,0.0007151500321924686
ptv50,81,2,host_frontier,0.0017151739448308945
ptv50,82,0,persistent_frontier,0.0007104063406586647
ptv50,82,1,roi,0.0002704961225390434
ptv50,82,2,host_frontier,0.0016909199766814709
ptv50,83,0,persistent_frontier,0.0007064887322485447
ptv50,83,1,host_frontier,0.0016925563104450703
ptv50,83,2,roi,0.00027167564257979393
ptv50,84,0,host_frontier,0.0016843718476593494
ptv50,84,1,persistent_frontier,0.0007092310115695
ptv50,84,2,roi,0.00026973895728588104
ptv50,85,0,host_frontier,0.0016953088343143463
ptv50,85,1,roi,0.0002684062346816063
ptv50,85,2,persistent_frontier,0.0007142783142626286
ptv50,86,0,roi,0.00027695903554558754
ptv50,86,1,host_frontier,0.0016792677342891693
ptv50,86,2,persistent_frontier,0.0007132496684789658
ptv50,87,0,roi,0.00027102604508399963
ptv50,87,1,persistent_frontier,0.000711499247699976
ptv50,87,2,host_frontier,0.0017179911956191063
ptv50,88,0,persistent_frontier,0.0007047341205179691
ptv50,88,1,roi,0.00027246633544564247
ptv50,88,2,host_frontier,0.0017033861950039864
ptv50,89,0,persistent_frontier,0.0007104221731424332
ptv50,89,1,host_frontier,0.0017017577774822712
ptv50,89,2,roi,0.00027389219030737877
ptv50,90,0,host_frontier,0.0017019612714648247
ptv50,90,1,persistent_frontier,0.0007125008851289749
ptv50,90,2,roi,0.00027254410088062286
ptv50,91,0,host_frontier,0.0017010830342769623
ptv50,91,1,roi,0.0002707107923924923
ptv50,91,2,persistent_frontier,0.0007166243158280849
ptv50,92,0,roi,0.0002726968377828598
ptv50,92,1,host_frontier,0.001707746647298336
ptv50,92,2,persistent_frontier,0.000706452876329422
ptv50,93,0,roi,0.00027026794850826263
ptv50,93,1,persistent_frontier,0.000709952786564827
ptv50,93,2,host_frontier,0.0017138179391622543
ptv50,94,0,persistent_frontier,0.0007023289799690247
ptv50,94,1,roi,0.00026967236772179604
ptv50,94,2,host_frontier,0.0017046150751411915
ptv50,95,0,persistent_frontier,0.0007157279178500175
ptv50,95,1,host_frontier,0.0017229141667485237
ptv50,95,2,roi,0.00027679605409502983
ptv50,96,0,host_frontier,0.0016992180608212948
ptv50,96,1,persistent_frontier,0.0007129027508199215
ptv50,96,2,roi,0.00027210405096411705
ptv50,97,0,host_frontier,0.0016879541799426079
ptv50,97,1,roi,0.00027022697031497955
ptv50,97,2,persistent_frontier,0.0007123569957911968
ptv50,98,0,roi,0.0002696327865123749
ptv50,98,1,host_frontier,0.0016740690916776657
ptv50,98,2,persistent_frontier,0.0007139570079743862
ptv50,99,0,roi,0.00026839785277843475
ptv50,99,1,persistent_frontier,0.0007133353501558304
ptv50,99,2,host_frontier,0.001682071015238762
ptv50,100,0,persistent_frontier,0.0007073660381138325
ptv50,100,1,roi,0.0002759029157459736
ptv50,100,2,host_frontier,0.0016899416223168373
ptv100,0,0,host_frontier,0.001428775954991579
ptv100,0,1,persistent_frontier,0.0006269020959734917
ptv100,0,2,roi,0.00027055805549025536
ptv100,1,0,host_frontier,0.001434143166989088
ptv100,1,1,roi,0.00026821205392479897
ptv100,1,2,persistent_frontier,0.0006376910023391247
ptv100,2,0,roi,0.0002730516716837883
ptv100,2,1,host_frontier,0.0014502392150461674
ptv100,2,2,persistent_frontier,0.0006333771161735058
ptv100,3,0,roi,0.00027097808197140694
ptv100,3,1,persistent_frontier,0.0006272611208260059
ptv100,3,2,host_frontier,0.0014951140619814396
ptv100,4,0,persistent_frontier,0.0006519542075693607
ptv100,4,1,roi,0.000283828005194664
ptv100,4,2,host_frontier,0.0022786911576986313
ptv100,5,0,persistent_frontier,0.0015703700482845306
ptv100,5,1,host_frontier,0.004520507995039225
ptv100,5,2,roi,0.00044108787551522255
ptv100,6,0,host_frontier,0.002114520873874426
ptv100,6,1,persistent_frontier,0.003710380755364895
ptv100,6,2,roi,0.0010554930195212364
ptv100,7,0,host_frontier,0.004150773864239454
ptv100,7,1,roi,0.00046724826097488403
ptv100,7,2,persistent_frontier,0.002388990018516779
ptv100,8,0,roi,0.0007149651646614075
ptv100,8,1,host_frontier,0.0018252371810376644
ptv100,8,2,persistent_frontier,0.0006374260410666466
ptv100,9,0,roi,0.0002765059471130371
ptv100,9,1,persistent_frontier,0.00064061488956213
ptv100,9,2,host_frontier,0.0014487281441688538
ptv100,10,0,persistent_frontier,0.0006342488341033459
ptv100,10,1,roi,0.0002789851278066635
ptv100,10,2,host_frontier,0.0014373441226780415
ptv100,11,0,persistent_frontier,0.0006296788342297077
ptv100,11,1,host_frontier,0.0014274162240326405
ptv100,11,2,roi,0.00027558114379644394
ptv100,12,0,host_frontier,0.001438450999557972
ptv100,12,1,persistent_frontier,0.0006232489831745625
ptv100,12,2,roi,0.00027319975197315216
ptv100,13,0,host_frontier,0.0014150538481771946
ptv100,13,1,roi,0.00026863813400268555
ptv100,13,2,persistent_frontier,0.0006274944171309471
ptv100,14,0,roi,0.00026842858642339706
ptv100,14,1,host_frontier,0.0014162338338792324
ptv100,14,2,persistent_frontier,0.0006339331157505512
ptv100,15,0,roi,0.00027130870148539543
ptv100,15,1,persistent_frontier,0.0006285868585109711
ptv100,15,2,host_frontier,0.0014328709803521633
ptv100,16,0,persistent_frontier,0.0006225099787116051
ptv100,16,1,roi,0.0002694833092391491
ptv100,16,2,host_frontier,0.0014309529215097427
ptv100,17,0,persistent_frontier,0.0006264382973313332
ptv100,17,1,host_frontier,0.001441210974007845
ptv100,17,2,roi,0.0002697529271245003
ptv100,18,0,host_frontier,0.0014339466579258442
ptv100,18,1,persistent_frontier,0.0006313500925898552
ptv100,18,2,roi,0.0002732863649725914
ptv100,19,0,host_frontier,0.0014310916885733604
ptv100,19,1,roi,0.0002645803615450859
ptv100,19,2,persistent_frontier,0.0006300969980657101
ptv100,20,0,roi,0.00027412082999944687
ptv100,20,1,host_frontier,0.0014205439947545528
ptv100,20,2,persistent_frontier,0.000628399197012186
ptv100,21,0,roi,0.0002686171792447567
ptv100,21,1,persistent_frontier,0.0006266930140554905
ptv100,21,2,host_frontier,0.0014348472468554974
ptv100,22,0,persistent_frontier,0.000622886698693037
ptv100,22,1,roi,0.00026832614094018936
ptv100,22,2,host_frontier,0.0014343392103910446
ptv100,23,0,persistent_frontier,0.0006238711066544056
ptv100,23,1,host_frontier,0.0014223046600818634
ptv100,23,2,roi,0.0002719629555940628
ptv100,24,0,host_frontier,0.0014404002577066422
ptv100,24,1,persistent_frontier,0.0006248378194868565
ptv100,24,2,roi,0.00026817992329597473
ptv100,25,0,host_frontier,0.0014190650545060635
ptv100,25,1,roi,0.00026787305250763893
ptv100,25,2,persistent_frontier,0.0006285109557211399
ptv100,26,0,roi,0.0002703620120882988
ptv100,26,1,host_frontier,0.0014363201335072517
ptv100,26,2,persistent_frontier,0.0006297570653259754
ptv100,27,0,roi,0.00027087004855275154
ptv100,27,1,persistent_frontier,0.0006388607434928417
ptv100,27,2,host_frontier,0.001426998060196638
ptv100,28,0,persistent_frontier,0.0006257221102714539
ptv100,28,1,roi,0.0002691410481929779
ptv100,28,2,host_frontier,0.0014356602914631367
ptv100,29,0,persistent_frontier,0.0006290511228144169
ptv100,29,1,host_frontier,0.0014326139353215694
ptv100,29,2,roi,0.0002680104225873947
ptv100,30,0,host_frontier,0.0014256653375923634
ptv100,30,1,persistent_frontier,0.0006293980404734612
ptv100,30,2,roi,0.00027129892259836197
ptv100,31,0,host_frontier,0.0014289459213614464
ptv100,31,1,roi,0.00026852311566472054
ptv100,31,2,persistent_frontier,0.0007913312874734402
ptv100,32,0,roi,0.0004263077862560749
ptv100,32,1,host_frontier,0.0023591462522745132
ptv100,32,2,persistent_frontier,0.0009446288459002972
ptv100,33,0,roi,0.0004711681976914406
ptv100,33,1,persistent_frontier,0.0017587090842425823
ptv100,33,2,host_frontier,0.002752857282757759
ptv100,34,0,persistent_frontier,0.0009642182849347591
ptv100,34,1,roi,0.0004357369616627693
ptv100,34,2,host_frontier,0.0043267980217933655
ptv100,35,0,persistent_frontier,0.0020583118312060833
ptv100,35,1,host_frontier,0.004575545899569988
ptv100,35,2,roi,0.00048183882609009743
ptv100,36,0,host_frontier,0.0020931758917868137
ptv100,36,1,persistent_frontier,0.0007603168487548828
ptv100,36,2,roi,0.00027995510026812553
ptv100,37,0,host_frontier,0.0014423648826777935
ptv100,37,1,roi,0.0002730870619416237
ptv100,37,2,persistent_frontier,0.000643088947981596
ptv100,38,0,roi,0.0002765487879514694
ptv100,38,1,host_frontier,0.0014460780657827854
ptv100,38,2,persistent_frontier,0.000633773859590292
ptv100,39,0,roi,0.0002731727436184883
ptv100,39,1,persistent_frontier,0.0006295228376984596
ptv100,39,2,host_frontier,0.0014322567731142044
ptv100,40,0,persistent_frontier,0.0006250101141631603
ptv100,40,1,roi,0.0002711988054215908
ptv100,40,2,host_frontier,0.0014323191717267036
ptv100,41,0,persistent_frontier,0.0006313319317996502
ptv100,41,1,host_frontier,0.0014493311755359173
ptv100,41,2,roi,0.0002709091641008854
ptv100,42,0,host_frontier,0.0014307629317045212
ptv100,42,1,persistent_frontier,0.0006309822201728821
ptv100,42,2,roi,0.000273627694696188
ptv100,43,0,host_frontier,0.0014446107670664787
ptv100,43,1,roi,0.00026946794241666794
ptv100,43,2,persistent_frontier,0.000634780153632164
ptv100,44,0,roi,0.0002682036720216274
ptv100,44,1,host_frontier,0.0014332672581076622
ptv100,44,2,persistent_frontier,0.000627999659627676
ptv100,45,0,roi,0.0002688281238079071
ptv100,45,1,persistent_frontier,0.0006256280466914177
ptv100,45,2,host_frontier,0.0014248988591134548
ptv100,46,0,persistent_frontier,0.0006259456276893616
ptv100,46,1,roi,0.00026898039504885674
ptv100,46,2,host_frontier,0.0014354158192873001
ptv100,47,0,persistent_frontier,0.0006212741136550903
ptv100,47,1,host_frontier,0.0014350800774991512
ptv100,47,2,roi,0.00026775384321808815
ptv100,48,0,host_frontier,0.0014404458925127983
ptv100,48,1,persistent_frontier,0.0006313920021057129
ptv100,48,2,roi,0.00026934826746582985
ptv100,49,0,host_frontier,0.0014101359993219376
ptv100,49,1,roi,0.0002661207690834999
ptv100,49,2,persistent_frontier,0.0006318460218608379
ptv100,50,0,roi,0.0002673356793820858
ptv100,50,1,host_frontier,0.0014399057254195213
ptv100,50,2,persistent_frontier,0.00062594935297966
ptv100,51,0,roi,0.00026926398277282715
ptv100,51,1,persistent_frontier,0.0006318110972642899
ptv100,51,2,host_frontier,0.001443405169993639
ptv100,52,0,persistent_frontier,0.0006275512278079987
ptv100,52,1,roi,0.0002702493220567703
ptv100,52,2,host_frontier,0.0014197290875017643
ptv100,53,0,persistent_frontier,0.0006242920644581318
ptv100,53,1,host_frontier,0.001432832796126604
ptv100,53,2,roi,0.0002696882002055645
ptv100,54,0,host_frontier,0.0014266213402152061
ptv100,54,1,persistent_frontier,0.0006263628602027893
ptv100,54,2,roi,0.00027063488960266113
ptv100,55,0,host_frontier,0.0014369371347129345
ptv100,55,1,roi,0.0002663200721144676
ptv100,55,2,persistent_frontier,0.000630612950772047
ptv100,56,0,roi,0.00027291011065244675
ptv100,56,1,host_frontier,0.0014284742064774036
ptv100,56,2,persistent_frontier,0.0006310669705271721
ptv100,57,0,roi,0.00027025118470191956
ptv100,57,1,persistent_frontier,0.0006277929060161114
ptv100,57,2,host_frontier,0.0014252839609980583
ptv100,58,0,persistent_frontier,0.0006239949725568295
ptv100,58,1,roi,0.0002694251015782356
ptv100,58,2,host_frontier,0.0014328188262879848
ptv100,59,0,persistent_frontier,0.000623753760010004
ptv100,59,1,host_frontier,0.0014311159029603004
ptv100,59,2,roi,0.0002700607292354107
ptv100,60,0,host_frontier,0.0014232099056243896
ptv100,60,1,persistent_frontier,0.0006293361075222492
ptv100,60,2,roi,0.000272274948656559
ptv100,61,0,host_frontier,0.0014367448166012764
ptv100,61,1,roi,0.0002692360430955887
ptv100,61,2,persistent_frontier,0.0006291428580880165
ptv100,62,0,roi,0.0002678246237337589
ptv100,62,1,host_frontier,0.0014190240763127804
ptv100,62,2,persistent_frontier,0.0006358800455927849
ptv100,63,0,roi,0.00027424003928899765
ptv100,63,1,persistent_frontier,0.0006321240216493607
ptv100,63,2,host_frontier,0.0014349361881613731
ptv100,64,0,persistent_frontier,0.0006282990798354149
ptv100,64,1,roi,0.00027412082999944687
ptv100,64,2,host_frontier,0.0014209998771548271
ptv100,65,0,persistent_frontier,0.000623681116849184
ptv100,65,1,host_frontier,0.001424822025001049
ptv100,65,2,roi,0.00027188612148165703
ptv100,66,0,host_frontier,0.0017161029390990734
ptv100,66,1,persistent_frontier,0.0010094568133354187
ptv100,66,2,roi,0.00046014925464987755
ptv100,67,0,host_frontier,0.0023242291063070297
ptv100,67,1,roi,0.0004521380178630352
ptv100,67,2,persistent_frontier,0.0009946268983185291
ptv100,68,0,roi,0.0004379749298095703
ptv100,68,1,host_frontier,0.0023290878161787987
ptv100,68,2,persistent_frontier,0.001012721098959446
ptv100,69,0,roi,0.00045081786811351776
ptv100,69,1,persistent_frontier,0.0009987540543079376
ptv100,69,2,host_frontier,0.0020061079412698746
ptv100,70,0,persistent_frontier,0.0009914888069033623
ptv100,70,1,roi,0.00044751958921551704
ptv100,70,2,host_frontier,0.00223335437476635
ptv100,71,0,persistent_frontier,0.0009864158928394318
ptv100,71,1,host_frontier,0.0021365839056670666
ptv100,71,2,roi,0.00046212784945964813
ptv100,72,0,host_frontier,0.002353124786168337
ptv100,72,1,persistent_frontier,0.0010241358540952206
ptv100,72,2,roi,0.00046044914051890373
ptv100,73,0,host_frontier,0.0017420011572539806
ptv100,73,1,roi,0.00027675041928887367
ptv100,73,2,persistent_frontier,0.0006427639164030552
ptv100,74,0,roi,0.0002729920670390129
ptv100,74,1,host_frontier,0.0014376798644661903
ptv100,74,2,persistent_frontier,0.000627513974905014
ptv100,75,0,roi,0.00026540784165263176
ptv100,75,1,persistent_frontier,0.0006302231922745705
ptv100,75,2,host_frontier,0.0019337530247867107
ptv100,76,0,persistent_frontier,0.000988238025456667
ptv100,76,1,roi,0.0004510008729994297
ptv100,76,2,host_frontier,0.0023334771394729614
ptv100,77,0,persistent_frontier,0.000947791151702404
ptv100,77,1,host_frontier,0.002328302711248398
ptv100,77,2,roi,0.0004554959014058113
ptv100,78,0,host_frontier,0.002233257982879877
ptv100,78,1,persistent_frontier,0.000861169770359993
ptv100,78,2,roi,0.0004599778912961483
ptv100,79,0,host_frontier,0.0023886780254542828
ptv100,79,1,roi,0.0004418957978487015
ptv100,79,2,persistent_frontier,0.001001299824565649
ptv100,80,0,roi,0.00044958386570215225
ptv100,80,1,host_frontier,0.002147751860320568
ptv100,80,2,persistent_frontier,0.000990880187600851
ptv100,81,0,roi,0.0004377085715532303
ptv100,81,1,persistent_frontier,0.0009143468923866749
ptv100,81,2,host_frontier,0.002409735694527626
ptv100,82,0,persistent_frontier,0.0007570446468889713
ptv100,82,1,roi,0.00043683918192982674
ptv100,82,2,host_frontier,0.0014208429493010044
ptv100,83,0,persistent_frontier,0.0006320429965853691
ptv100,83,1,host_frontier,0.0014625000767409801
ptv100,83,2,roi,0.0002800789661705494
ptv100,84,0,host_frontier,0.0014295787550508976
ptv100,84,1,persistent_frontier,0.0006313258782029152
ptv100,84,2,roi,0.0002718609757721424
ptv100,85,0,host_frontier,0.0014368798583745956
ptv100,85,1,roi,0.00027095526456832886
ptv100,85,2,persistent_frontier,0.000630656722933054
ptv100,86,0,roi,0.00026847003027796745
ptv100,86,1,host_frontier,0.0014326879754662514
ptv100,86,2,persistent_frontier,0.0006303288973867893
ptv100,87,0,roi,0.0002716309390962124
ptv100,87,1,persistent_frontier,0.0006351559422910213
ptv100,87,2,host_frontier,0.0014435346238315105
ptv100,88,0,persistent_frontier,0.0006254836916923523
ptv100,88,1,roi,0.0002708360552787781
ptv100,88,2,host_frontier,0.0014367490075528622
ptv100,89,0,persistent_frontier,0.0006270692683756351
ptv100,89,1,host_frontier,0.0014262241311371326
ptv100,89,2,roi,0.0002700546756386757
ptv100,90,0,host_frontier,0.001433087047189474
ptv100,90,1,persistent_frontier,0.0006297989748418331
ptv100,90,2,roi,0.0002688458189368248
ptv100,91,0,host_frontier,0.0014348262920975685
ptv100,91,1,roi,0.0002682749181985855
ptv100,91,2,persistent_frontier,0.0006361119449138641
ptv100,92,0,roi,0.00026851193979382515
ptv100,92,1,host_frontier,0.0014431877061724663
ptv100,92,2,persistent_frontier,0.000632846262305975
ptv100,93,0,roi,0.00026811985298991203
ptv100,93,1,persistent_frontier,0.000632493756711483
ptv100,93,2,host_frontier,0.0014348751865327358
ptv100,94,0,persistent_frontier,0.0006247973069548607
ptv100,94,1,roi,0.0002688039094209671
ptv100,94,2,host_frontier,0.0014229179359972477
ptv100,95,0,persistent_frontier,0.000627581961452961
ptv100,95,1,host_frontier,0.0014209020882844925
ptv100,95,2,roi,0.00027345912531018257
ptv100,96,0,host_frontier,0.0014307568781077862
ptv100,96,1,persistent_frontier,0.0006279167719185352
ptv100,96,2,roi,0.0002689482644200325
ptv100,97,0,host_frontier,0.0014240266755223274
ptv100,97,1,roi,0.0002667028456926346
ptv100,97,2,persistent_frontier,0.0006347582675516605
ptv100,98,0,roi,0.0002657338045537472
ptv100,98,1,host_frontier,0.0014247302897274494
ptv100,98,2,persistent_frontier,0.000643167644739151
ptv100,99,0,roi,0.00027212779968976974
ptv100,99,1,persistent_frontier,0.0006292322650551796
ptv100,99,2,host_frontier,0.001429564319550991
ptv100,100,0,persistent_frontier,0.0006256066262722015
ptv100,100,1,roi,0.00026925839483737946
ptv100,100,2,host_frontier,0.0014416379854083061
ptv200,0,0,host_frontier,0.0011826739646494389
ptv200,0,1,persistent_frontier,0.0005671889521181583
ptv200,0,2,roi,0.00025963038206100464
ptv200,1,0,host_frontier,0.0012203212827444077
ptv200,1,1,roi,0.0002605970948934555
ptv200,1,2,persistent_frontier,0.0005760169588029385
ptv200,2,0,roi,0.0002550547942519188
ptv200,2,1,host_frontier,0.0012164879590272903
ptv200,2,2,persistent_frontier,0.0005678278394043446
ptv200,3,0,roi,0.0002584680914878845
ptv200,3,1,persistent_frontier,0.0005642706528306007
ptv200,3,2,host_frontier,0.001201156061142683
ptv200,4,0,persistent_frontier,0.0005654878914356232
ptv200,4,1,roi,0.0002603679895401001
ptv200,4,2,host_frontier,0.0012153582647442818
ptv200,5,0,persistent_frontier,0.0005698897875845432
ptv200,5,1,host_frontier,0.0011989045888185501
ptv200,5,2,roi,0.000267180148512125
ptv200,6,0,host_frontier,0.0012070718221366405
ptv200,6,1,persistent_frontier,0.0005792011506855488
ptv200,6,2,roi,0.0002627191133797169
ptv200,7,0,host_frontier,0.0012046941556036472
ptv200,7,1,roi,0.0002567158080637455
ptv200,7,2,persistent_frontier,0.0008349400013685226
ptv200,8,0,roi,0.00039298413321375847
ptv200,8,1,host_frontier,0.0020483839325606823
ptv200,8,2,persistent_frontier,0.0009494521655142307
ptv200,9,0,roi,0.0004644650034606457
ptv200,9,1,persistent_frontier,0.000992076937109232
ptv200,9,2,host_frontier,0.004525876138359308
ptv200,10,0,persistent_frontier,0.0016944650560617447
ptv200,10,1,roi,0.0004519089125096798
ptv200,10,2,host_frontier,0.004634300712496042
ptv200,11,0,persistent_frontier,0.0008905199356377125
ptv200,11,1,host_frontier,0.003269126173108816
ptv200,11,2,roi,0.00047433795407414436
ptv200,12,0,host_frontier,0.0025790859945118427
ptv200,12,1,persistent_frontier,0.0010852981358766556
ptv200,12,2,roi,0.0004255478270351887
ptv200,13,0,host_frontier,0.0022527077235281467
ptv200,13,1,roi,0.0004271250218153
ptv200,13,2,persistent_frontier,0.0011569936759769917
ptv200,14,0,roi,0.00042806193232536316
ptv200,14,1,host_frontier,0.0023252018727362156
ptv200,14,2,persistent_frontier,0.0017787828110158443
ptv200,15,0,roi,0.0005922066047787666
ptv200,15,1,persistent_frontier,0.00099154282361269
ptv200,15,2,host_frontier,0.0015733791515231133
ptv200,16,0,persistent_frontier,0.000612619798630476
ptv200,16,1,roi,0.00026835687458515167
ptv200,16,2,host_frontier,0.001222559716552496
ptv200,17,0,persistent_frontier,0.0005735810846090317
ptv200,17,1,host_frontier,0.0012094918638467789
ptv200,17,2,roi,0.00027181394398212433
ptv200,18,0,host_frontier,0.001218969002366066
ptv200,18,1,persistent_frontier,0.0005720588378608227
ptv200,18,2,roi,0.0002621002495288849
ptv200,19,0,host_frontier,0.0012144981883466244
ptv200,19,1,roi,0.0002574077807366848
ptv200,19,2,persistent_frontier,0.0005766940303146839
ptv200,20,0,roi,0.0002605048939585686
ptv200,20,1,host_frontier,0.0012160991318523884
ptv200,20,2,persistent_frontier,0.000566478818655014
ptv200,21,0,roi,0.0002652960829436779
ptv200,21,1,persistent_frontier,0.0005712583661079407
ptv200,21,2,host_frontier,0.0012097489088773727
ptv200,22,0,persistent_frontier,0.00056410301476717
ptv200,22,1,roi,0.00026117125526070595
ptv200,22,2,host_frontier,0.0012107067741453648
ptv200,23,0,persistent_frontier,0.0005656527355313301
ptv200,23,1,host_frontier,0.0012096366845071316
ptv200,23,2,roi,0.00025899987667798996
ptv200,24,0,host_frontier,0.0011954219080507755
ptv200,24,1,persistent_frontier,0.0005633183754980564
ptv200,24,2,roi,0.0002556690014898777
ptv200,25,0,host_frontier,0.0011885291896760464
ptv200,25,1,roi,0.00025683408603072166
ptv200,25,2,persistent_frontier,0.0005705049261450768
ptv200,26,0,roi,0.00026237405836582184
ptv200,26,1,host_frontier,0.0012220856733620167
ptv200,26,2,persistent_frontier,0.0005658143199980259
ptv200,27,0,roi,0.0002574510872364044
ptv200,27,1,persistent_frontier,0.0005616261623799801
ptv200,27,2,host_frontier,0.0012120399624109268
ptv200,28,0,persistent_frontier,0.0005599423311650753
ptv200,28,1,roi,0.0002587148919701576
ptv200,28,2,host_frontier,0.0012048897333443165
ptv200,29,0,persistent_frontier,0.0005610547959804535
ptv200,29,1,host_frontier,0.0012271981686353683
ptv200,29,2,roi,0.0002578352577984333
ptv200,30,0,host_frontier,0.0012209052219986916
ptv200,30,1,persistent_frontier,0.000569778960198164
ptv200,30,2,roi,0.0002606040798127651
ptv200,31,0,host_frontier,0.0012170271947979927
ptv200,31,1,roi,0.00025852909311652184
ptv200,31,2,persistent_frontier,0.0005648108199238777
ptv200,32,0,roi,0.0002563679590821266
ptv200,32,1,host_frontier,0.0012246258556842804
ptv200,32,2,persistent_frontier,0.0005611288361251354
ptv200,33,0,roi,0.000252709724009037
ptv200,33,1,persistent_frontier,0.0005652699619531631
ptv200,33,2,host_frontier,0.0012309481389820576
ptv200,34,0,persistent_frontier,0.0005713100545108318
ptv200,34,1,roi,0.0002652960829436779
ptv200,34,2,host_frontier,0.0012024580501019955
ptv200,35,0,persistent_frontier,0.0005635987035930157
ptv200,35,1,host_frontier,0.0012075281701982021
ptv200,35,2,roi,0.0002625389024615288
ptv200,36,0,host_frontier,0.0012058629654347897
ptv200,36,1,persistent_frontier,0.0005636787973344326
ptv200,36,2,roi,0.0002599409781396389
ptv200,37,0,host_frontier,0.001211817841976881
ptv200,37,1,roi,0.0002575214020907879
ptv200,37,2,persistent_frontier,0.0005675759166479111
ptv200,38,0,roi,0.00025752512738108635
ptv200,38,1,host_frontier,0.00120562594383955
ptv200,38,2,persistent_frontier,0.0005679088644683361
ptv200,39,0,roi,0.0002600620500743389
ptv200,39,1,persistent_frontier,0.0005777967162430286
ptv200,39,2,host_frontier,0.0012275050394237041
ptv200,40,0,persistent_frontier,0.0005620457231998444
ptv200,40,1,roi,0.00026000989601016045
ptv200,40,2,host_frontier,0.0012152688577771187
ptv200,41,0,persistent_frontier,0.0008769738487899303
ptv200,41,1,host_frontier,0.001990517135709524
ptv200,41,2,roi,0.00040986109524965286
ptv200,42,0,host_frontier,0.0039017368108034134
ptv200,42,1,persistent_frontier,0.0009008790366351604
ptv200,42,2,roi,0.0004094010218977928
ptv200,43,0,host_frontier,0.0018729129806160927
ptv200,43,1,roi,0.0004034079611301422
ptv200,43,2,persistent_frontier,0.0009251050651073456
ptv200,44,0,roi,0.0011120219714939594
ptv200,44,1,host_frontier,0.0047065760008990765
ptv200,44,2,persistent_frontier,0.0030785342678427696
ptv200,45,0,roi,0.0004450748674571514
ptv200,45,1,persistent_frontier,0.0011523538269102573
ptv200,45,2,host_frontier,0.0032232217490673065
ptv200,46,0,persistent_frontier,0.0007087010890245438
ptv200,46,1,roi,0.0002704933285713196
ptv200,46,2,host_frontier,0.001211630180478096
ptv200,47,0,persistent_frontier,0.0005702488124370575
ptv200,47,1,host_frontier,0.001196627039462328
ptv200,47,2,roi,0.00025857286527752876
ptv200,48,0,host_frontier,0.0012185778468847275
ptv200,48,1,persistent_frontier,0.0005709761753678322
ptv200,48,2,roi,0.0002628602087497711
ptv200,49,0,host_frontier,0.0012228158302605152
ptv200,49,1,roi,0.0002613491378724575
ptv200,49,2,persistent_frontier,0.0005707931704819202
ptv200,50,0,roi,0.00025818077847361565
ptv200,50,1,host_frontier,0.0012128991074860096
ptv200,50,2,persistent_frontier,0.0005677817389369011
ptv200,51,0,roi,0.00025827717036008835
ptv200,51,1,persistent_frontier,0.0005675377324223518
ptv200,51,2,host_frontier,0.0012263967655599117
ptv200,52,0,persistent_frontier,0.000563435722142458
ptv200,52,1,roi,0.00026377616450190544
ptv200,52,2,host_frontier,0.001216355711221695
ptv200,53,0,persistent_frontier,0.0005660383030772209
ptv200,53,1,host_frontier,0.001219743862748146
ptv200,53,2,roi,0.0002633519470691681
ptv200,54,0,host_frontier,0.0011918796226382256
ptv200,54,1,persistent_frontier,0.0005602408200502396
ptv200,54,2,roi,0.0002589658834040165
ptv200,55,0,host_frontier,0.0012110620737075806
ptv200,55,1,roi,0.00025875307619571686
ptv200,55,2,persistent_frontier,0.0005671028047800064
ptv200,56,0,roi,0.00026051606982946396
ptv200,56,1,host_frontier,0.0012174681760370731
ptv200,56,2,persistent_frontier,0.0005633491091430187
ptv200,57,0,roi,0.0002597239799797535
ptv200,57,1,persistent_frontier,0.0008005313575267792
ptv200,57,2,host_frontier,0.0019863909110426903
ptv200,58,0,persistent_frontier,0.0008798358030617237
ptv200,58,1,roi,0.0004215072840452194
ptv200,58,2,host_frontier,0.003929127007722855
ptv200,59,0,persistent_frontier,0.0008804360404610634
ptv200,59,1,host_frontier,0.0018506706692278385
ptv200,59,2,roi,0.00041978294029831886
ptv200,60,0,host_frontier,0.0028404612094163895
ptv200,60,1,persistent_frontier,0.002193358726799488
ptv200,60,2,roi,0.0009034588001668453
ptv200,61,0,host_frontier,0.0039055338129401207
ptv200,61,1,roi,0.000410604290664196
ptv200,61,2,persistent_frontier,0.00095790671184659
ptv200,62,0,roi,0.0004264330491423607
ptv200,62,1,host_frontier,0.0015780511312186718
ptv200,62,2,persistent_frontier,0.000627811998128891
ptv200,63,0,roi,0.00026379572227597237
ptv200,63,1,persistent_frontier,0.0005685938522219658
ptv200,63,2,host_frontier,0.0012272321619093418
ptv200,64,0,persistent_frontier,0.0005708630196750164
ptv200,64,1,roi,0.0002649519592523575
ptv200,64,2,host_frontier,0.001189710572361946
ptv200,65,0,persistent_frontier,0.0005681947804987431
ptv200,65,1,host_frontier,0.0012048869393765926
ptv200,65,2,roi,0.0002636280842125416
ptv200,66,0,host_frontier,0.0012153666466474533
ptv200,66,1,persistent_frontier,0.0005628829821944237
ptv200,66,2,roi,0.000258405227214098
ptv200,67,0,host_frontier,0.0012011108919978142
ptv200,67,1,roi,0.00025715120136737823
ptv200,67,2,persistent_frontier,0.0005724122747778893
ptv200,68,0,roi,0.00026241783052682877
ptv200,68,1,host_frontier,0.0012288838624954224
ptv200,68,2,persistent_frontier,0.0005614832043647766
ptv200,69,0,roi,0.00026036519557237625
ptv200,69,1,persistent_frontier,0.0005612452514469624
ptv200,69,2,host_frontier,0.0012075402773916721
ptv200,70,0,persistent_frontier,0.0005599898286163807
ptv200,70,1,roi,0.00025848858058452606
ptv200,70,2,host_frontier,0.001220053993165493
ptv200,71,0,persistent_frontier,0.0005606389604508877
ptv200,71,1,host_frontier,0.0011844499967992306
ptv200,71,2,roi,0.0002605901099741459
ptv200,72,0,host_frontier,0.001211665105074644
ptv200,72,1,persistent_frontier,0.0005737151950597763
ptv200,72,2,roi,0.00026020873337984085
ptv200,73,0,host_frontier,0.0012037139385938644
ptv200,73,1,roi,0.00025724899023771286
ptv200,73,2,persistent_frontier,0.0005699498578906059
ptv200,74,0,roi,0.00025816168636083603
ptv200,74,1,host_frontier,0.0012123100459575653
ptv200,74,2,persistent_frontier,0.000562089029699564
ptv200,75,0,roi,0.0002586478367447853
ptv200,75,1,persistent_frontier,0.0005616252310574055
ptv200,75,2,host_frontier,0.0012117843143641949
ptv200,76,0,persistent_frontier,0.0005677388980984688
ptv200,76,1,roi,0.0002626972272992134
ptv200,76,2,host_frontier,0.0012055952101945877
ptv200,77,0,persistent_frontier,0.0005700322799384594
ptv200,77,1,host_frontier,0.0012206337414681911
ptv200,77,2,roi,0.0002602608874440193
ptv200,78,0,host_frontier,0.0012180018238723278
ptv200,78,1,persistent_frontier,0.0005821646191179752
ptv200,78,2,roi,0.00025935424491763115
ptv200,79,0,host_frontier,0.0015964261256158352
ptv200,79,1,roi,0.0004250193014740944
ptv200,79,2,persistent_frontier,0.0009915507398545742
ptv200,80,0,roi,0.0004365113563835621
ptv200,80,1,host_frontier,0.002104335930198431
ptv200,80,2,persistent_frontier,0.002094038762152195
ptv200,81,0,roi,0.0004148948937654495
ptv200,81,1,persistent_frontier,0.000864650122821331
ptv200,81,2,host_frontier,0.0018477230332791805
ptv200,82,0,persistent_frontier,0.0008599478751420975
ptv200,82,1,roi,0.0007187332957983017
ptv200,82,2,host_frontier,0.004207702819257975
ptv200,83,0,persistent_frontier,0.0018055993132293224
ptv200,83,1,host_frontier,0.003587143961340189
ptv200,83,2,roi,0.00046153925359249115
ptv200,84,0,host_frontier,0.0018052458763122559
ptv200,84,1,persistent_frontier,0.0006306632421910763
ptv200,84,2,roi,0.0004264633171260357
ptv200,85,0,host_frontier,0.0012082369066774845
ptv200,85,1,roi,0.0002628518268465996
ptv200,85,2,persistent_frontier,0.0005783862434327602
ptv200,86,0,roi,0.00026512565091252327
ptv200,86,1,host_frontier,0.0012163822539150715
ptv200,86,2,persistent_frontier,0.0005696676671504974
ptv200,87,0,roi,0.00026027392596006393
ptv200,87,1,persistent_frontier,0.000566394068300724
ptv200,87,2,host_frontier,0.0012175780721008778
ptv200,88,0,persistent_frontier,0.0005604531615972519
ptv200,88,1,roi,0.0002610953524708748
ptv200,88,2,host_frontier,0.0012111118994653225
ptv200,89,0,persistent_frontier,0.0005619963631033897
ptv200,89,1,host_frontier,0.0012198654003441334
ptv200,89,2,roi,0.00025520799681544304
ptv200,90,0,host_frontier,0.0012197112664580345
ptv200,90,1,persistent_frontier,0.0005637998692691326
ptv200,90,2,roi,0.0002617090940475464
ptv200,91,0,host_frontier,0.0012225708924233913
ptv200,91,1,roi,0.00025716982781887054
ptv200,91,2,persistent_frontier,0.0005668499507009983
ptv200,92,0,roi,0.0002577281557023525
ptv200,92,1,host_frontier,0.0012180758640170097
ptv200,92,2,persistent_frontier,0.0005654245615005493
ptv200,93,0,roi,0.0002559209242463112
ptv200,93,1,persistent_frontier,0.0005627255886793137
ptv200,93,2,host_frontier,0.001208451110869646
ptv200,94,0,persistent_frontier,0.0005641132593154907
ptv200,94,1,roi,0.00025798799470067024
ptv200,94,2,host_frontier,0.0011963951401412487
ptv200,95,0,persistent_frontier,0.0007566148415207863
ptv200,95,1,host_frontier,0.0020334040746092796
ptv200,95,2,roi,0.0004303557798266411
ptv200,96,0,host_frontier,0.002674328163266182
ptv200,96,1,persistent_frontier,0.0018441658467054367
ptv200,96,2,roi,0.00041106296703219414
ptv200,97,0,host_frontier,0.0018680929206311703
ptv200,97,1,roi,0.000403745099902153
ptv200,97,2,persistent_frontier,0.0008806879632174969
ptv200,98,0,roi,0.0004023732617497444
ptv200,98,1,host_frontier,0.0045809559524059296
ptv200,98,2,persistent_frontier,0.0013153748586773872
ptv200,99,0,roi,0.0012441161088645458
ptv200,99,1,persistent_frontier,0.001428383868187666
ptv200,99,2,host_frontier,0.0022285589948296547
ptv200,100,0,persistent_frontier,0.0009539453312754631
ptv200,100,1,roi,0.00042449356988072395
ptv200,100,2,host_frontier,0.0013584666885435581
ptv500,0,0,host_frontier,0.0010261940769851208
ptv500,0,1,persistent_frontier,0.0005092350766062737
ptv500,0,2,roi,0.00017622904852032661
ptv500,1,0,host_frontier,0.0009823818691074848
ptv500,1,1,roi,0.00017653033137321472
ptv500,1,2,persistent_frontier,0.0005420860834419727
ptv500,2,0,roi,0.00018092617392539978
ptv500,2,1,host_frontier,0.0010084249079227448
ptv500,2,2,persistent_frontier,0.0005141999572515488
ptv500,3,0,roi,0.0001778639853000641
ptv500,3,1,persistent_frontier,0.0005133389495313168
ptv500,3,2,host_frontier,0.0009926087222993374
ptv500,4,0,persistent_frontier,0.0005137277767062187
ptv500,4,1,roi,0.000177095178514719
ptv500,4,2,host_frontier,0.0009763338603079319
ptv500,5,0,persistent_frontier,0.0005149426870048046
ptv500,5,1,host_frontier,0.0009862040169537067
ptv500,5,2,roi,0.0001812349073588848
ptv500,6,0,host_frontier,0.0009827991016209126
ptv500,6,1,persistent_frontier,0.000514710322022438
ptv500,6,2,roi,0.00017790403217077255
ptv500,7,0,host_frontier,0.0009830337949097157
ptv500,7,1,roi,0.00017548073083162308
ptv500,7,2,persistent_frontier,0.0005171610973775387
ptv500,8,0,roi,0.0001795138232409954
ptv500,8,1,host_frontier,0.0010013659484684467
ptv500,8,2,persistent_frontier,0.0005093887448310852
ptv500,9,0,roi,0.00018579280003905296
ptv500,9,1,persistent_frontier,0.0005145990289747715
ptv500,9,2,host_frontier,0.000997631810605526
ptv500,10,0,persistent_frontier,0.0005107028409838676
ptv500,10,1,roi,0.00018172618001699448
ptv500,10,2,host_frontier,0.0010052630677819252
ptv500,11,0,persistent_frontier,0.0005075340159237385
ptv500,11,1,host_frontier,0.001013775821775198
ptv500,11,2,roi,0.00017562275752425194
ptv500,12,0,host_frontier,0.0009932047687470913
ptv500,12,1,persistent_frontier,0.0005071694031357765
ptv500,12,2,roi,0.00017511285841464996
ptv500,13,0,host_frontier,0.0010101390071213245
ptv500,13,1,roi,0.00017691589891910553
ptv500,13,2,persistent_frontier,0.0005223499611020088
ptv500,14,0,roi,0.0001746751368045807
ptv500,14,1,host_frontier,0.001017899252474308
ptv500,14,2,persistent_frontier,0.0006759790703654289
ptv500,15,0,roi,0.0003871908411383629
ptv500,15,1,persistent_frontier,0.000852447934448719
ptv500,15,2,host_frontier,0.0018433080986142159
ptv500,16,0,persistent_frontier,0.0009059691801667213
ptv500,16,1,roi,0.0004235687665641308
ptv500,16,2,host_frontier,0.0017803958617150784
ptv500,17,0,persistent_frontier,0.00088461022824049
ptv500,17,1,host_frontier,0.001790510956197977
ptv500,17,2,roi,0.0004161316901445389
ptv500,18,0,host_frontier,0.0015241960063576698
ptv500,18,1,persistent_frontier,0.0007320609875023365
ptv500,18,2,roi,0.00039178598672151566
ptv500,19,0,host_frontier,0.0017354022711515427
ptv500,19,1,roi,0.00040615489706397057
ptv500,19,2,persistent_frontier,0.0009040851145982742
ptv500,20,0,roi,0.0004054182209074497
ptv500,20,1,host_frontier,0.0017109261825680733
ptv500,20,2,persistent_frontier,0.0007345150224864483
ptv500,21,0,roi,0.0003920481540262699
ptv500,21,1,persistent_frontier,0.0008576349355280399
ptv500,21,2,host_frontier,0.0017347042448818684
ptv500,22,0,persistent_frontier,0.000851671677082777
ptv500,22,1,roi,0.0004037818871438503
ptv500,22,2,host_frontier,0.0015351786278188229
ptv500,23,0,persistent_frontier,0.0007144873961806297
ptv500,23,1,host_frontier,0.0010208189487457275
ptv500,23,2,roi,0.0001931772567331791
ptv500,24,0,host_frontier,0.001008177176117897
ptv500,24,1,persistent_frontier,0.0005173329263925552
ptv500,24,2,roi,0.00018247216939926147
ptv500,25,0,host_frontier,0.0010009300895035267
ptv500,25,1,roi,0.00017594359815120697
ptv500,25,2,persistent_frontier,0.0005177143029868603
ptv500,26,0,roi,0.0001768353395164013
ptv500,26,1,host_frontier,0.001024952158331871
ptv500,26,2,persistent_frontier,0.000508578959852457
ptv500,27,0,roi,0.00017749890685081482
ptv500,27,1,persistent_frontier,0.0005130008794367313
ptv500,27,2,host_frontier,0.0009925388731062412
ptv500,28,0,persistent_frontier,0.0005158060230314732
ptv500,28,1,roi,0.00018538767471909523
ptv500,28,2,host_frontier,0.0010018800385296345
ptv500,29,0,persistent_frontier,0.0005123410373926163
ptv500,29,1,host_frontier,0.0009811902418732643
ptv500,29,2,roi,0.0001795198768377304
ptv500,30,0,host_frontier,0.001001893077045679
ptv500,30,1,persistent_frontier,0.0005069337785243988
ptv500,30,2,roi,0.000180921982973814
ptv500,31,0,host_frontier,0.0009776060469448566
ptv500,31,1,roi,0.0001763966865837574
ptv500,31,2,persistent_frontier,0.0005152649246156216
ptv500,32,0,roi,0.0001748921349644661
ptv500,32,1,host_frontier,0.0010060169734060764
ptv500,32,2,persistent_frontier,0.0005112108774483204
ptv500,33,0,roi,0.00017361901700496674
ptv500,33,1,persistent_frontier,0.000516342930495739
ptv500,33,2,host_frontier,0.0009975293651223183
ptv500,34,0,persistent_frontier,0.0005091880448162556
ptv500,34,1,roi,0.00017557991668581963
ptv500,34,2,host_frontier,0.0009871707297861576
ptv500,35,0,persistent_frontier,0.000507161021232605
ptv500,35,1,host_frontier,0.0009846989996731281
ptv500,35,2,roi,0.00017596175894141197
ptv500,36,0,host_frontier,0.0010126931592822075
ptv500,36,1,persistent_frontier,0.000512631144374609
ptv500,36,2,roi,0.00017496012151241302
ptv500,37,0,host_frontier,0.0009877989068627357
ptv500,37,1,roi,0.00017227930948138237
ptv500,37,2,persistent_frontier,0.0005073579959571362
ptv500,38,0,roi,0.00018547940999269485
ptv500,38,1,host_frontier,0.0010023312643170357
ptv500,38,2,persistent_frontier,0.0005102492868900299
ptv500,39,0,roi,0.00017454475164413452
ptv500,39,1,persistent_frontier,0.0005082259885966778
ptv500,39,2,host_frontier,0.00096562085673213
ptv500,40,0,persistent_frontier,0.0005071647465229034
ptv500,40,1,roi,0.00017735827714204788
ptv500,40,2,host_frontier,0.0009640417993068695
ptv500,41,0,persistent_frontier,0.0005110981874167919
ptv500,41,1,host_frontier,0.0009955200366675854
ptv500,41,2,roi,0.0001755538396537304
ptv500,42,0,host_frontier,0.0009916801936924458
ptv500,42,1,persistent_frontier,0.0005176346749067307
ptv500,42,2,roi,0.00017575128003954887
ptv500,43,0,host_frontier,0.0009950860403478146
ptv500,43,1,roi,0.0001736227422952652
ptv500,43,2,persistent_frontier,0.0005093291401863098
ptv500,44,0,roi,0.00017261924222111702
ptv500,44,1,host_frontier,0.000999941024929285
ptv500,44,2,persistent_frontier,0.0005157883279025555
ptv500,45,0,roi,0.00017795013263821602
ptv500,45,1,persistent_frontier,0.0005112830549478531
ptv500,45,2,host_frontier,0.0009876401163637638
ptv500,46,0,persistent_frontier,0.0005030408501625061
ptv500,46,1,roi,0.00017700204625725746
ptv500,46,2,host_frontier,0.001001942902803421
ptv500,47,0,persistent_frontier,0.0005035768263041973
ptv500,47,1,host_frontier,0.000988460611552
ptv500,47,2,roi,0.00017639202997088432
ptv500,48,0,host_frontier,0.001006369013339281
ptv500,48,1,persistent_frontier,0.0005086320452392101
ptv500,48,2,roi,0.00017325393855571747
ptv500,49,0,host_frontier,0.0009892391972243786
ptv500,49,1,roi,0.00017481576651334763
ptv500,49,2,persistent_frontier,0.0005197776481509209
ptv500,50,0,roi,0.0001855958253145218
ptv500,50,1,host_frontier,0.0009732018224895
ptv500,50,2,persistent_frontier,0.0005092569626867771
ptv500,51,0,roi,0.00017354218289256096
ptv500,51,1,persistent_frontier,0.0005102651193737984
ptv500,51,2,host_frontier,0.0010086530819535255
ptv500,52,0,persistent_frontier,0.000508435070514679
ptv500,52,1,roi,0.000179423950612545
ptv500,52,2,host_frontier,0.000998794101178646
ptv500,53,0,persistent_frontier,0.0005151489749550819
ptv500,53,1,host_frontier,0.0010067089460790157
ptv500,53,2,roi,0.00018034502863883972
ptv500,54,0,host_frontier,0.0009954040870070457
ptv500,54,1,persistent_frontier,0.0005045998841524124
ptv500,54,2,roi,0.00017767073586583138
ptv500,55,0,host_frontier,0.0010034437291324139
ptv500,55,1,roi,0.00017451588064432144
ptv500,55,2,persistent_frontier,0.000514565035700798
ptv500,56,0,roi,0.00017975596711039543
ptv500,56,1,host_frontier,0.0010107248090207577
ptv500,56,2,persistent_frontier,0.0005135880783200264
ptv500,57,0,roi,0.0001896931789815426
ptv500,57,1,persistent_frontier,0.0005083819851279259
ptv500,57,2,host_frontier,0.0009928010404109955
ptv500,58,0,persistent_frontier,0.0005085938610136509
ptv500,58,1,roi,0.00017743511125445366
ptv500,58,2,host_frontier,0.0010075801983475685
ptv500,59,0,persistent_frontier,0.0005066762678325176
ptv500,59,1,host_frontier,0.00101376511156559
ptv500,59,2,roi,0.0001789839006960392
ptv500,60,0,host_frontier,0.0010058810003101826
ptv500,60,1,persistent_frontier,0.0005123899318277836
ptv500,60,2,roi,0.0001777149736881256
ptv500,61,0,host_frontier,0.0009833448566496372
ptv500,61,1,roi,0.00017315708100795746
ptv500,61,2,persistent_frontier,0.0005116281099617481
ptv500,62,0,roi,0.0001748921349644661
ptv500,62,1,host_frontier,0.000999904703348875
ptv500,62,2,persistent_frontier,0.0005053430795669556
ptv500,63,0,roi,0.0001756870187819004
ptv500,63,1,persistent_frontier,0.0005076741799712181
ptv500,63,2,host_frontier,0.0009944303892552853
ptv500,64,0,persistent_frontier,0.0005048033781349659
ptv500,64,1,roi,0.00017328886315226555
ptv500,64,2,host_frontier,0.0009746607393026352
ptv500,65,0,persistent_frontier,0.0005061770789325237
ptv500,65,1,host_frontier,0.0009926669299602509
ptv500,65,2,roi,0.0001794653944671154
ptv500,66,0,host_frontier,0.00099598104134202
ptv500,66,1,persistent_frontier,0.0005075694061815739
ptv500,66,2,roi,0.00017710914835333824
ptv500,67,0,host_frontier,0.0016909320838749409
ptv500,67,1,roi,0.0004102489911019802
ptv500,67,2,persistent_frontier,0.0008904649876058102
ptv500,68,0,roi,0.0004115886986255646
ptv500,68,1,host_frontier,0.0017827842384576797
ptv500,68,2,persistent_frontier,0.0008200700394809246
ptv500,69,0,roi,0.00039199087768793106
ptv500,69,1,persistent_frontier,0.000880340114235878
ptv500,69,2,host_frontier,0.0017803036607801914
ptv500,70,0,persistent_frontier,0.000857155304402113
ptv500,70,1,roi,0.0003966689109802246
ptv500,70,2,host_frontier,0.0012514800764620304
ptv500,71,0,persistent_frontier,0.0007859310135245323
ptv500,71,1,host_frontier,0.0017533120699226856
ptv500,71,2,roi,0.00042631709948182106
ptv500,72,0,host_frontier,0.0017747166566550732
ptv500,72,1,persistent_frontier,0.0008773491717875004
ptv500,72,2,roi,0.00036899931728839874
ptv500,73,0,host_frontier,0.0015030871145427227
ptv500,73,1,roi,0.00040494929999113083
ptv500,73,2,persistent_frontier,0.0008653784170746803
ptv500,74,0,roi,0.0002979510463774204
ptv500,74,1,host_frontier,0.001746675930917263
ptv500,74,2,persistent_frontier,0.0008870642632246017
ptv500,75,0,roi,0.0004256940446794033
ptv500,75,1,persistent_frontier,0.000602983869612217
ptv500,75,2,host_frontier,0.00113373389467597
ptv500,76,0,persistent_frontier,0.0005117999389767647
ptv500,76,1,roi,0.00018494529649615288
ptv500,76,2,host_frontier,0.0010239370167255402
ptv500,77,0,persistent_frontier,0.0005161589942872524
ptv500,77,1,host_frontier,0.0010167271830141544
ptv500,77,2,roi,0.00018194504082202911
ptv500,78,0,host_frontier,0.0009932760149240494
ptv500,78,1,persistent_frontier,0.0005414579063653946
ptv500,78,2,roi,0.0001783333718776703
ptv500,79,0,host_frontier,0.001024268101900816
ptv500,79,1,roi,0.0001789596863090992
ptv500,79,2,persistent_frontier,0.0005236179567873478
ptv500,80,0,roi,0.00017823604866862297
ptv500,80,1,host_frontier,0.001011572778224945
ptv500,80,2,persistent_frontier,0.0005102190189063549
ptv500,81,0,roi,0.00017723720520734787
ptv500,81,1,persistent_frontier,0.0005090781487524509
ptv500,81,2,host_frontier,0.0010198741219937801
ptv500,82,0,persistent_frontier,0.000509314239025116
ptv500,82,1,roi,0.0001764628104865551
ptv500,82,2,host_frontier,0.000987594947218895
ptv500,83,0,persistent_frontier,0.0005145152099430561
ptv500,83,1,host_frontier,0.0009999517351388931
ptv500,83,2,roi,0.00018783286213874817
ptv500,84,0,host_frontier,0.0009981198236346245
ptv500,84,1,persistent_frontier,0.0005096327513456345
ptv500,84,2,roi,0.00017678458243608475
ptv500,85,0,host_frontier,0.0010218066163361073
ptv500,85,1,roi,0.00017493590712547302
ptv500,85,2,persistent_frontier,0.0005127317272126675
ptv500,86,0,roi,0.00017462298274040222
ptv500,86,1,host_frontier,0.001017507165670395
ptv500,86,2,persistent_frontier,0.0005057319067418575
ptv500,87,0,roi,0.00017573079094290733
ptv500,87,1,persistent_frontier,0.0005152490921318531
ptv500,87,2,host_frontier,0.001006471924483776
ptv500,88,0,persistent_frontier,0.0005087181925773621
ptv500,88,1,roi,0.0001767398789525032
ptv500,88,2,host_frontier,0.0009947577491402626
ptv500,89,0,persistent_frontier,0.0005097342655062675
ptv500,89,1,host_frontier,0.0009877071715891361
ptv500,89,2,roi,0.0001769750379025936
ptv500,90,0,host_frontier,0.0010018139146268368
ptv500,90,1,persistent_frontier,0.0005094287917017937
ptv500,90,2,roi,0.0001780153252184391
ptv500,91,0,host_frontier,0.0010007917881011963
ptv500,91,1,roi,0.00017723767086863518
ptv500,91,2,persistent_frontier,0.0005149431526660919
ptv500,92,0,roi,0.00017934804782271385
ptv500,92,1,host_frontier,0.0009926618076860905
ptv500,92,2,persistent_frontier,0.0005144719034433365
ptv500,93,0,roi,0.0001741889864206314
ptv500,93,1,persistent_frontier,0.0005274270661175251
ptv500,93,2,host_frontier,0.0009952536784112453
ptv500,94,0,persistent_frontier,0.0005066660232841969
ptv500,94,1,roi,0.0001770351082086563
ptv500,94,2,host_frontier,0.0009890608489513397
ptv500,95,0,persistent_frontier,0.0005181790329515934
ptv500,95,1,host_frontier,0.0010123113170266151
ptv500,95,2,roi,0.00017777225002646446
ptv500,96,0,host_frontier,0.000989485066384077
ptv500,96,1,persistent_frontier,0.0005143033340573311
ptv500,96,2,roi,0.00017941603437066078
ptv500,97,0,host_frontier,0.0009780446998775005
ptv500,97,1,roi,0.00017609493806958199
ptv500,97,2,persistent_frontier,0.0005228207446634769
ptv500,98,0,roi,0.00018092896789312363
ptv500,98,1,host_frontier,0.0009915088303387165
ptv500,98,2,persistent_frontier,0.0005141668953001499
ptv500,99,0,roi,0.00017614709213376045
ptv500,99,1,persistent_frontier,0.0005140188150107861
ptv500,99,2,host_frontier,0.0010004481300711632
ptv500,100,0,persistent_frontier,0.0005091140046715736
ptv500,100,1,roi,0.000173923559486866
ptv500,100,2,host_frontier,0.0009845676831901073
