case,paper_case,stride_zyx,S,N_cv,compression_C,K_eff_x,K_ref_x,e_K_percent,e_u_percent,e_phi_percent,mass_inf_per_volume,steady_momentum_inf,t_total_s,speedup_vs_ref,wall_beta,valid_physical,valid_for_main_pareto
bentheimer_sandstone_crop,Bentheimer segmented sandstone crop,"(4, 8, 8)",166,173,247.1907514450867,0.09068339826056401,0.05225707669002652,73.53323990637868,948.0704637131553,95.17465449829383,6.709652907062325e-16,2.335106460820779e-07,0.6731089999666438,353.5091196399975,1.25,True,True
bentheimer_sandstone_crop,Bentheimer segmented sandstone crop,"(2, 6, 6)",601,636,67.23899371069183,0.09295355694220542,0.05225707669002652,77.87745283491142,581.7880709239913,76.12451106560673,5.683658838712136e-16,7.866095324032395e-07,0.20079220016486943,1185.0568388841184,1.25,True,True
bentheimer_sandstone_crop,Bentheimer segmented sandstone crop,"(2, 4, 4)",1346,1357,31.513633014001474,0.047814734887074495,0.05225707669002652,8.50093821608637,448.3881432238825,28.156422336693872,5.505578631881392e-16,9.246333630596789e-07,0.4204278999241069,565.971406852211,1.25,True,True
